x_s,y_s,E,RMSE,DeltaT_max,CR,t_s,N_sw,U_spatial,SensorBias,J,J_con
0.3,0.3,60.0,43.25302987864572,162.56457091399298,0.17646484375,120.0,0,28.75260882244229,29.0822328667328,0.8235302734375001,16.2353515625
0.531578947368421,0.3,60.0,43.25302987864572,162.56457091399298,0.17646484375,120.0,0,28.75260882244229,28.99224089812091,0.8235302734375001,16.2353515625
0.7631578947368421,0.3,60.0,43.25302987864572,162.56457091399298,0.17646484375,120.0,0,28.75260882244229,28.87911260324135,0.8235302734375001,16.2353515625
0.9947368421052631,0.3,60.0,43.25302987864572,162.56457091399298,0.17646484375,120.0,0,28.75260882244229,28.757158588223874,0.8235302734375001,16.2353515625
1.2263157894736842,0.3,60.0,43.25302987864572,162.56457091399298,0.17646484375,120.0,0,28.75260882244229,28.643966831712902,0.8235302734375001,16.2353515625
1.4578947368421054,0.3,60.0,43.25302987864572,162.56457091399298,0.17646484375,120.0,0,28.75260882244229,28.554722937128027,0.8235302734375001,16.2353515625
1.6894736842105265,0.3,60.0,43.25302987864572,162.56457091399298,0.17646484375,120.0,0,28.75260882244229,28.501573040495323,0.8235302734375001,16.2353515625
1.9210526315789476,0.3,60.0,43.25302987864572,162.56457091399298,0.17646484375,120.0,0,28.75260882244229,28.49290559415906,0.8235302734375001,16.2353515625
2.1526315789473687,0.3,60.0,43.25302987864572,162.56457091399298,0.17646484375,120.0,0,28.75260882244229,28.532576714313784,0.8235302734375001,16.2353515625
2.3842105263157896,0.3,60.0,43.25302987864572,162.56457091399298,0.17646484375,120.0,0,28.75260882244229,28.619716741133118,0.8235302734375001,16.2353515625
2.6157894736842104,0.3,60.0,43.25302987864572,162.56457091399298,0.17646484375,120.0,0,28.75260882244229,28.74912535002776,0.8235302734375001,16.2353515625
2.8473684210526318,0.3,60.0,43.25302987864572,162.56457091399298,0.17646484375,120.0,0,28.75260882244229,28.912162357379216,0.8235302734375001,16.2353515625
3.0789473684210527,0.3,60.0,43.25302987864572,162.56457091399298,0.17646484375,120.0,0,28.75260882244229,29.097962843306153,0.8235302734375001,16.2353515625
3.310526315789474,0.3,60.0,43.25302987864572,162.56457091399298,0.17646484375,120.0,0,28.75260882244229,29.294763907596664,0.8235302734375001,16.2353515625
3.542105263157895,0.3,60.0,43.25302987864572,162.56457091399298,0.17646484375,120.0,0,28.75260882244229,29.491132396292738,0.8235302734375001,16.2353515625
3.773684210526316,0.3,60.0,43.25302987864572,162.56457091399298,0.17646484375,120.0,0,28.75260882244229,29.676924907576943,0.8235302734375001,16.2353515625
4.0052631578947375,0.3,60.0,43.25302987864572,162.56457091399298,0.17646484375,120.0,0,28.75260882244229,29.843881384769613,0.8235302734375001,16.2353515625
4.236842105263158,0.3,60.0,43.25302987864572,162.56457091399298,0.17646484375,120.0,0,28.75260882244229,29.984008253588353,0.8235302734375001,16.2353515625
4.468421052631579,0.3,60.0,43.25302987864572,162.56457091399298,0.17646484375,120.0,0,28.75260882244229,30.09383000921296,0.8235302734375001,16.2353515625
4.7,0.3,60.0,43.25302987864572,162.56457091399298,0.17646484375,120.0,0,28.75260882244229,30.17171944526518,0.8235302734375001,16.2353515625
0.3,0.531578947368421,60.0,43.25302987864572,162.56457091399298,0.17646484375,120.0,0,28.75260882244229,28.018671556228995,0.8235302734375001,16.2353515625
0.531578947368421,0.531578947368421,60.0,43.25302987864572,162.56457091399298,0.17646484375,120.0,0,28.75260882244229,27.885255218348355,0.8235302734375001,16.2353515625
0.7631578947368421,0.531578947368421,60.0,43.25302987864572,162.56457091399298,0.17646484375,120.0,0,28.75260882244229,27.71772045810378,0.8235302734375001,16.2353515625
0.9947368421052631,0.531578947368421,60.0,43.25302987864572,162.56457091399298,0.17646484375,120.0,0,28.75260882244229,27.53711303504599,0.8235302734375001,16.2353515625
1.2263157894736842,0.531578947368421,60.0,43.25302987864572,162.56457091399298,0.17646484375,120.0,0,28.75260882244229,27.369237208825012,0.8235302734375001,16.2353515625
1.4578947368421054,0.531578947368421,60.0,43.25302987864572,162.56457091399298,0.17646484375,120.0,0,28.75260882244229,27.236381628146905,0.8235302734375001,16.2353515625
1.6894736842105265,0.531578947368421,60.0,43.25302987864572,162.56457091399298,0.17646484375,120.0,0,28.75260882244229,27.15635093349719,0.8235302734375001,16.2353515625
1.9210526315789476,0.531578947368421,60.0,43.25302987864572,162.56457091399298,0.17646484375,120.0,0,28.75260882244229,27.1413766320461,0.8235302734375001,16.2353515625
2.1526315789473687,0.531578947368421,60.0,43.25302987864572,162.56457091399298,0.17646484375,120.0,0,28.75260882244229,27.196947977958605,0.8235302734375001,16.2353515625
2.3842105263157896,0.531578947368421,60.0,43.25302987864572,162.56457091399298,0.17646484375,120.0,0,28.75260882244229,27.321528600011863,0.8235302734375001,16.2353515625
2.6157894736842104,0.531578947368421,60.0,43.25302987864572,162.56457091399298,0.17646484375,120.0,0,28.75260882244229,27.5071773972705,0.8235302734375001,16.2353515625
2.8473684210526318,0.531578947368421,60.0,43.25302987864572,162.56457091399298,0.17646484375,120.0,0,28.75260882244229,27.74092918654913,0.8235302734375001,16.2353515625
3.0789473684210527,0.531578947368421,60.0,43.25302987864572,162.56457091399298,0.17646484375,120.0,0,28.75260882244229,28.006663597465455,0.8235302734375001,16.2353515625
3.310526315789474,0.531578947368421,60.0,43.25302987864572,162.56457091399298,0.17646484375,120.0,0,28.75260882244229,28.2871256671424,0.8235302734375001,16.2353515625
3.542105263157895,0.531578947368421,60.0,43.25302987864572,162.56457091399298,0.17646484375,120.0,0,28.75260882244229,28.565768066547484,0.8235302734375001,16.2353515625
3.773684210526316,0.531578947368421,60.0,43.25302987864572,162.56457091399298,0.17646484375,120.0,0,28.75260882244229,28.828156254842323,0.8235302734375001,16.2353515625
4.0052631578947375,0.531578947368421,60.0,43.25302987864572,162.56457091399298,0.17646484375,120.0,0,28.75260882244229,29.062793112143144,0.8235302734375001,16.2353515625
4.236842105263158,0.531578947368421,60.0,43.25302987864572,162.56457091399298,0.17646484375,120.0,0,28.75260882244229,29.25875807172644,0.8235302734375001,16.2353515625
4.468421052631579,0.531578947368421,60.0,43.25302987864572,162.56457091399298,0.17646484375,120.0,0,28.75260882244229,29.411724461436997,0.8235302734375001,16.2353515625
4.7,0.531578947368421,60.0,43.25302987864572,162.56457091399298,0.17646484375,120.0,0,28.75260882244229,29.51989127316867,0.8235302734375001,16.2353515625
0.3,0.7631578947368421,58.4375,43.218832318599844,160.07391705649897,0.17645182291666667,120.0,1,28.736455233606307,26.7839574815584,0.967130164745274,16.23548177083333
0.531578947368421,0.7631578947368421,57.1875,43.11894854965148,157.56951571777856,0.17645182291666667,120.0,1,28.688558041796895,26.537758816659657,0.9611170055143125,16.23548177083333
0.7631578947368421,0.7631578947368421,55.3125,42.853956818343796,153.77136231644937,0.17649088541666666,120.0,1,28.558996682209752,26.171630965168536,0.9513874141555297,16.235091145833334
0.9947368421052631,0.7631578947368421,53.4375,42.460172512884164,149.92136206927515,0.17651692708333336,120.0,1,28.362371940759147,25.731537604460947,0.9408675227076879,16.234830729166667
1.2263157894736842,0.7631578947368421,52.1875,42.13064507700799,147.32472445254095,0.1766080729166667,120.0,1,28.195135742847743,25.337532284558478,0.9334282571860858,16.233919270833333
1.4578947368421054,0.7631578947368421,50.9375,41.7503095969855,144.703245113529,0.17666015625,120.0,1,27.999684991392954,24.97307100337621,0.9256782617835057,16.2333984375
1.6894736842105265,0.7631578947368421,50.3125,41.54176783690763,143.38294703611808,0.17672526041666667,120.0,1,27.89155690721953,24.761222171840885,0.921682384297442,16.232747395833336
1.9210526315789476,0.7631578947368421,50.3125,41.54176783690763,143.38294703611808,0.17672526041666667,120.0,1,27.89155690721953,24.736340069210144,0.921682384297442,16.232747395833336
2.1526315789473687,0.7631578947368421,50.9375,41.7503095969855,144.703245113529,0.17666015625,120.0,1,27.999684991392954,24.90603168493544,0.9256782617835057,16.2333984375
2.3842105263157896,0.7631578947368421,52.1875,42.13064507700799,147.32472445254095,0.1766080729166667,120.0,1,28.195135742847743,25.25097555881041,0.9334282571860858,16.233919270833333
2.6157894736842104,0.7631578947368421,54.0625,42.605153466874526,151.21059961355687,0.17651692708333336,120.0,1,28.435223191378146,25.724583115530823,0.9444575969289261,16.234830729166667
2.8473684210526318,0.7631578947368421,57.1875,43.11894854965148,157.56951571777856,0.17645182291666667,120.0,1,28.688558041796895,26.284292659805722,0.9611170055143125,16.23548177083333
3.0789473684210527,0.7631578947368421,60.0,43.25302987864572,162.56457091399298,0.17646484375,120.0,0,28.75260882244229,26.73546837472751,0.8235302734375001,16.2353515625
3.310526315789474,0.7631578947368421,60.0,43.25302987864572,162.56457091399298,0.17646484375,120.0,0,28.75260882244229,27.143556904942834,0.8235302734375001,16.2353515625
3.542105263157895,0.7631578947368421,60.0,43.25302987864572,162.56457091399298,0.17646484375,120.0,0,28.75260882244229,27.547153336197443,0.8235302734375001,16.2353515625
3.773684210526316,0.7631578947368421,60.0,43.25302987864572,162.56457091399298,0.17646484375,120.0,0,28.75260882244229,27.92529833867282,0.8235302734375001,16.2353515625
4.0052631578947375,0.7631578947368421,60.0,43.25302987864572,162.56457091399298,0.17646484375,120.0,0,28.75260882244229,28.261690455839076,0.8235302734375001,16.2353515625
4.236842105263158,0.7631578947368421,60.0,43.25302987864572,162.56457091399298,0.17646484375,120.0,0,28.75260882244229,28.541162446619094,0.8235302734375001,16.2353515625
4.468421052631579,0.7631578947368421,60.0,43.25302987864572,162.56457091399298,0.17646484375,120.0,0,28.75260882244229,28.75836926389355,0.8235302734375001,16.2353515625
4.7,0.7631578947368421,60.0,43.25302987864572,162.56457091399298,0.17646484375,120.0,0,28.75260882244229,28.91147117782547,0.8235302734375001,16.2353515625
0.3,0.9947368421052631,48.4375,40.84561962024875,139.3825971865699,0.17693359374999998,120.0,1,27.526365639037586,24.28122525115201,0.909248774135083,16.2306640625
0.531578947368421,0.9947368421052631,47.1875,40.32502120584209,136.6817489275594,0.17722005208333336,120.0,1,27.249532217089303,23.74877423390939,0.9005796763520271,16.227799479166666
0.7631578947368421,0.9947368421052631,45.3125,39.46350695740867,132.57729499947604,0.17745442708333334,120.0,1,26.78541676734765,22.988433075313676,0.8870902959796447,16.22545572916667
0.9947368421052631,0.9947368421052631,43.4375,38.50969838947892,128.40611928504936,0.17787109375000001,120.0,1,26.264000476497625,22.16142376361424,0.8729785511743755,16.2212890625
1.2263157894736842,0.9947368421052631,41.5625,37.46810819314992,124.16471602443846,0.17849609375,120.0,1,25.686694986266772,21.32655037831367,0.8582633839779763,16.2150390625
1.4578947368421054,0.9947368421052631,39.6875,36.34279579846613,119.84929223079087,0.17935546874999997,120.0,1,25.054822501257643,20.531539727437153,0.8429608515823365,16.2064453125
1.6894736842105265,0.9947368421052631,39.0625,35.94973216190924,118.39366767173493,0.17974609375,120.0,1,24.83228937189576,20.184352261655253,0.8377247531095058,16.2025390625
1.9210526315789476,0.9947368421052631,39.0625,35.94973216190924,118.39366767173493,0.17974609375,120.0,1,24.83228937189576,20.14915472707756,0.8377247531095058,16.2025390625
2.1526315789473687,0.9947368421052631,39.0625,35.94973216190924,118.39366767173493,0.17974609375,120.0,1,24.83228937189576,20.255467018251206,0.8377247531095058,16.2025390625
2.3842105263157896,0.9947368421052631,40.3125,36.726968229209724,121.29623824006342,0.17908203125,120.0,1,25.271431384361208,20.857533030743998,0.8481199734900223,16.2091796875
2.6157894736842104,0.9947368421052631,42.8125,38.17204612088543,127.00030236318923,0.1780143229166667,120.0,1,26.07770820267858,21.892066866512312,0.8681457945829949,16.219856770833335
2.8473684210526318,0.9947368421052631,45.3125,39.46350695740867,132.57729499947604,0.17745442708333334,120.0,1,26.78541676734765,22.958248509436128,0.8870902959796447,16.22545572916667
3.0789473684210527,0.9947368421052631,49.0625,41.089188602864375,140.72272799149832,0.1769075520833333,120.0,1,27.654832608923524,24.239047072218003,0.913459547419048,16.230924479166667
3.310526315789474,0.9947368421052631,52.8125,42.3019021658867,148.62610105482605,0.17651692708333336,120.0,1,28.282317331992918,25.35720556721459,0.9371950786490725,16.234830729166667
3.542105263157895,0.9947368421052631,57.8125,43.1768575632804,158.824433463496,0.17645182291666667,120.0,1,28.716420199859453,26.31601284102645,0.964172141747747,16.23548177083333
3.773684210526316,0.9947368421052631,60.0,43.25302987864572,162.56457091399298,0.17646484375,120.0,0,28.75260882244229,26.900817849406405,0.8235302734375001,16.2353515625
4.0052631578947375,0.9947368421052631,60.0,43.25302987864572,162.56457091399298,0.17646484375,120.0,0,28.75260882244229,27.384627551984522,0.8235302734375001,16.2353515625
4.236842105263158,0.9947368421052631,60.0,43.25302987864572,162.56457091399298,0.17646484375,120.0,0,28.75260882244229,27.784368880419564,0.8235302734375001,16.2353515625
4.468421052631579,0.9947368421052631,60.0,43.25302987864572,162.56457091399298,0.17646484375,120.0,0,28.75260882244229,28.093643806777084,0.8235302734375001,16.2353515625
4.7,0.9947368421052631,60.0,43.25302987864572,162.56457091399298,0.17646484375,120.0,0,28.75260882244229,28.310913034590104,0.8235302734375001,16.2353515625
0.3,1.2263157894736842,39.6875,36.34279579846613,119.84929223079087,0.17935546874999997,120.0,1,25.054822501257643,20.413267842382446,0.8429608515823365,16.2064453125
0.531578947368421,1.2263157894736842,38.4375,35.54790513851335,116.9292037452754,0.18001302083333334,120.0,1,24.60387627597598,19.63570259353525,0.8324484012822058,16.199869791666668
0.7631578947368421,1.2263157894736842,35.9375,33.85539344901914,110.97957406489141,0.1813671875,120.0,1,23.632281762554264,18.357231366615345,0.8107228725990467,16.186328125
0.9947368421052631,1.2263157894736842,33.4375,32.03201020081093,104.87437964320357,0.18298177083333336,120.0,1,22.569949618122223,17.013611579366227,0.7880583102239506,16.170182291666666
1.2263157894736842,1.2263157894736842,31.5625,30.58265666536956,100.18573774941156,0.18440755208333334,120.0,1,21.71515696690092,15.90840871432779,0.7704535057457839,16.155924479166668
1.4578947368421054,1.2263157894736842,30.3125,29.57894239066214,97.00442074922148,0.18564453125,120.0,1,21.118211888612127,15.117681990031148,0.7584061147863428,16.1435546875
1.6894736842105265,1.2263157894736842,29.0625,28.546127361741217,93.77642070139632,0.18721354166666668,120.0,1,20.499932791709348,14.462681944960336,0.7460976435428576,16.127864583333334
1.9210526315789476,1.2263157894736842,29.0625,28.546127361741217,93.77642070139632,0.18721354166666668,120.0,1,20.499932791709348,14.421150798492606,0.7460976435428576,16.127864583333334
2.1526315789473687,1.2263157894736842,29.0625,28.546127361741217,93.77642070139632,0.18721354166666668,120.0,1,20.499932791709348,14.552464807750958,0.7460976435428576,16.127864583333334
2.3842105263157896,1.2263157894736842,30.3125,29.57894239066214,97.00442074922148,0.18564453125,120.0,1,21.118211888612127,15.307932023611329,0.7584061147863428,16.1435546875
2.6157894736842104,1.2263157894736842,32.1875,31.07336637153886,101.75949933969241,0.18383463541666664,120.0,1,22.00554078328234,16.439737775545872,0.776390342831038,16.161653645833333
2.8473684210526318,1.2263157894736842,34.6875,32.959626140414684,107.94718781371121,0.18208333333333335,120.0,1,23.112298585035568,17.90465686490919,0.7995149537651529,16.179166666666667
3.0789473684210527,1.2263157894736842,37.8125,35.1374388170087,115.45573505943102,0.180390625,120.0,1,24.36962667262301,19.62803395436931,0.827097204467208,16.19609375
3.310526315789474,1.2263157894736842,42.1875,37.824799369540564,125.58654805873093,0.17818359375,120.0,1,25.88525673057833,21.66120870740732,0.8632463522842003,16.2181640625
3.542105263157895,1.2263157894736842,47.1875,40.32502120584209,136.6817489275594,0.17722005208333336,120.0,1,27.249532217089303,23.61292344003072,0.9005796763520271,16.227799479166666
3.773684210526316,1.2263157894736842,52.8125,42.3019021658867,148.62610105482605,0.17651692708333336,120.0,1,28.282317331992918,25.261046932409617,0.9371950786490725,16.234830729166667
4.0052631578947375,1.2263157894736842,58.4375,43.218832318599844,160.07391705649897,0.17645182291666667,120.0,1,28.736455233606307,26.346243388895108,0.967130164745274,16.23548177083333
4.236842105263158,1.2263157894736842,60.0,43.25302987864572,162.56457091399298,0.17646484375,120.0,0,28.75260882244229,26.934871848413763,0.8235302734375001,16.2353515625
4.468421052631579,1.2263157894736842,60.0,43.25302987864572,162.56457091399298,0.17646484375,120.0,0,28.75260882244229,27.373420865954877,0.8235302734375001,16.2353515625
4.7,1.2263157894736842,60.0,43.25302987864572,162.56457091399298,0.17646484375,120.0,0,28.75260882244229,27.68041895268702,0.8235302734375001,16.2353515625
0.3,1.4578947368421054,32.1875,31.07336637153886,101.75949933969241,0.18383463541666664,120.0,1,22.00554078328234,15.916572838976363,0.776390342831038,16.161653645833333
0.531578947368421,1.4578947368421054,30.3125,29.57894239066214,97.00442074922148,0.18564453125,120.0,1,21.118211888612127,14.739259534978636,0.7584061147863428,16.1435546875
0.7631578947368421,1.4578947368421054,27.8125,27.484949755676265,90.49967034596635,0.18907552083333332,120.0,1,19.860596200017334,13.229456386931552,0.7335363105288909,16.10924479166667
0.9947368421052631,1.4578947368421054,25.3125,25.280432463072295,83.85230398378171,0.19378906249999997,120.0,1,18.51982253877239,11.707814415614484,0.7077037041478745,16.062109375000002
1.2263157894736842,1.4578947368421054,23.4375,23.558076054333267,78.82331250069028,0.19750000000000004,120.0,1,17.46092709098662,10.498551246353268,0.687864141420827,16.025
1.4578947368421054,1.4578947368421054,22.1875,22.378455408026188,75.39170155306235,0.20113281249999998,120.0,1,16.730082257859305,9.65539499530071,0.674209698055296,15.988671875
1.6894736842105265,1.4578947368421054,21.5625,21.779544772046652,73.65080753536267,0.20326171875000001,120.0,1,16.357278169803692,9.204435707772287,0.6672598526358223,15.9673828125
1.9210526315789476,1.4578947368421054,20.9375,21.17471833078063,71.89251122711482,0.20583333333333337,120.0,1,15.979593648687823,8.938398566647093,0.6601933506831553,15.941666666666666
2.1526315789473687,1.4578947368421054,21.5625,21.779544772046652,73.65080753536267,0.20326171875000001,120.0,1,16.357278169803692,9.309174487204851,0.6672598526358223,15.9673828125
2.3842105263157896,1.4578947368421054,22.1875,22.378455408026188,75.39170155306235,0.20113281249999998,120.0,1,16.730082257859305,9.87746855157923,0.674209698055296,15.988671875
2.6157894736842104,1.4578947368421054,24.0625,24.13857244702062,80.5149863230111,0.19611979166666665,120.0,1,17.81890628872478,11.097213548142149,0.6945498329162767,16.038802083333334
2.8473684210526318,1.4578947368421054,25.9375,25.841602605464296,85.4987829903978,0.19263671875000005,120.0,1,18.86269647527875,12.502748615227421,0.7142018096309911,16.0736328125
3.0789473684210527,1.4578947368421054,29.0625,28.546127361741217,93.77642070139632,0.18721354166666668,120.0,1,20.499932791709348,14.520651498960895,0.7460976435428576,16.127864583333334
3.310526315789474,1.4578947368421054,32.8125,31.556516782429853,103.32230567338479,0.18337239583333334,120.0,1,22.29048393386132,16.838758095697568,0.782256777538402,16.166276041666666
3.542105263157895,1.4578947368421054,37.8125,35.1374388170087,115.45573505943102,0.180390625,120.0,1,24.36962667262301,19.517125438612585,0.827097204467208,16.19609375
3.773684210526316,1.4578947368421054,42.8125,38.17204612088543,127.00030236318923,0.1780143229166667,120.0,1,26.07770820267858,21.94644285344295,0.8681457945829949,16.219856770833335
4.0052631578947375,1.4578947368421054,49.0625,41.089188602864375,140.72272799149832,0.1769075520833333,120.0,1,27.654832608923524,24.215979658680038,0.913459547419048,16.230924479166667
4.236842105263158,1.4578947368421054,54.6875,42.73652668023644,152.4939037036802,0.17649088541666666,120.0,1,28.500792062923285,25.72650020051738,0.9479674505907256,16.235091145833334
4.468421052631579,1.4578947368421054,60.0,43.25302987864572,162.56457091399298,0.17646484375,120.0,0,28.75260882244229,26.564453729922555,0.8235302734375001,16.2353515625
4.7,1.4578947368421054,60.0,43.25302987864572,162.56457091399298,0.17646484375,120.0,0,28.75260882244229,26.9908630296722,0.8235302734375001,16.2353515625
0.3,1.6894736842105265,25.9375,25.841602605464296,85.4987829903978,0.19263671875000005,120.0,1,18.86269647527875,11.434328425194616,0.7142018096309911,16.0736328125
0.531578947368421,1.6894736842105265,24.0625,24.13857244702062,80.5149863230111,0.19611979166666665,120.0,1,17.81890628872478,10.1641273241188,0.6945498329162767,16.038802083333334
0.7631578947368421,1.6894736842105265,21.5625,21.779544772046652,73.65080753536267,0.20326171875000001,120.0,1,16.357278169803692,8.599407949016655,0.6672598526358223,15.9673828125
0.9947368421052631,1.6894736842105265,19.0625,19.326003168434184,66.50768171501684,0.21383463541666667,120.0,1,14.817559719205276,7.087850303818516,0.6386515516075707,15.861653645833334
1.2263157894736842,1.6894736842105265,17.1875,17.42903017571746,60.945085385947834,0.22090494791666665,120.0,1,13.612685917541631,5.92753635422717,0.6168064462447423,15.790950520833334
1.4578947368421054,1.6894736842105265,15.9375,16.140021360384438,57.12873294920179,0.22854166666666664,120.0,1,12.786037000849486,5.141396043589971,0.6015641547540432,15.714583333333334
1.6894736842105265,1.6894736842105265,15.3125,15.488923000444931,55.18583131071679,0.23511718750000002,120.0,1,12.365783404236755,4.727569328843415,0.593459280626913,15.648828125000001
1.9210526315789476,1.6894736842105265,14.6875,14.833830555436494,53.218631106526914,0.23822265625000003,120.0,1,11.94095134047892,4.508377617257311,0.5858294081963591,15.6177734375
2.1526315789473687,1.6894736842105265,15.3125,15.488923000444931,55.18583131071679,0.23511718750000002,120.0,1,12.365783404236755,4.837759825925512,0.593459280626913,15.648828125000001
2.3842105263157896,1.6894736842105265,15.9375,16.140021360384438,57.12873294920179,0.22854166666666664,120.0,1,12.786037000849486,5.377236176021836,0.6015641547540432,15.714583333333334
2.6157894736842104,1.6894736842105265,17.1875,17.42903017571746,60.945085385947834,0.22090494791666665,120.0,1,13.612685917541631,6.325061571575312,0.6168064462447423,15.790950520833334
2.8473684210526318,1.6894736842105265,19.0625,19.326003168434184,66.50768171501684,0.21383463541666667,120.0,1,14.817559719205276,7.708418911838703,0.6386515516075707,15.861653645833334
3.0789473684210527,1.6894736842105265,22.1875,22.378455408026188,75.39170155306235,0.20113281249999998,120.0,1,16.730082257859305,9.76822830602892,0.674209698055296,15.988671875
3.310526315789474,1.6894736842105265,25.3125,25.280432463072295,83.85230398378171,0.19378906249999997,120.0,1,18.51982253877239,12.031745435575651,0.7077037041478745,16.062109375000002
3.542105263157895,1.6894736842105265,29.6875,29.066126064770163,95.39638203383761,0.18645833333333334,120.0,1,20.811721639778572,14.868550794883113,0.7522737420552874,16.135416666666664
3.773684210526316,1.6894736842105265,34.6875,32.959626140414684,107.94718781371121,0.18208333333333335,120.0,1,23.112298585035568,17.879153280587435,0.7995149537651529,16.179166666666667
4.0052631578947375,1.6894736842105265,40.3125,36.726968229209724,121.29623824006342,0.17908203125,120.0,1,25.271431384361208,20.824286143252117,0.8481199734900223,16.2091796875
4.236842105263158,1.6894736842105265,46.5625,40.04840441723026,135.3208056832191,0.17733723958333333,120.0,1,27.10128502455557,23.39813550972802,0.8961450129425488,16.226627604166666
4.468421052631579,1.6894736842105265,51.5625,41.94668935383003,146.0171379781923,0.17663411458333333,120.0,1,28.100901090266003,25.07005965482726,0.9295920740667893,16.233658854166666
4.7,1.6894736842105265,55.9375,42.957090103233575,155.04306144958926,0.17649088541666666,120.0,1,28.609752079967354,26.086108745931625,0.9547194284082485,16.235091145833334
0.3,1.9210526315789476,20.9375,21.17471833078063,71.89251122711482,0.20583333333333337,120.0,1,15.979593648687823,7.428694756929425,0.6601933506831553,15.941666666666666
0.531578947368421,1.9210526315789476,18.4375,18.69882172053261,64.67410503251367,0.21580078125,120.0,1,14.420655140509716,5.9842500678291835,0.6314771973528576,15.8419921875
0.7631578947368421,1.9210526315789476,15.9375,16.140021360384438,57.12873294920179,0.22854166666666664,120.0,1,12.786037000849486,4.536631069653282,0.6015641547540432,15.714583333333334
0.9947368421052631,1.9210526315789476,14.0625,14.175109249961274,51.22620498314349,0.24320312500000002,120.0,1,11.511572071425011,3.3713221438651657,0.5778740349482722,15.56796875
1.2263157894736842,1.9210526315789476,12.1875,12.181950439131988,45.087390565617454,0.26069986979166665,120.0,1,10.19647392714445,2.3990548018926106,0.55337733394963,15.393001302083334
1.4578947368421054,1.9210526315789476,11.5625,11.51402810259447,42.98353953677009,0.2652506510416666,120.0,1,9.7492337027536,1.8765696942130767,0.5453304194963102,15.347493489583336
1.6894736842105265,1.9210526315789476,10.9375,10.845790336091108,40.84883941408171,0.26882486979166664,120.0,1,9.297616252778683,1.5433232968533188,0.537399701475238,15.311751302083334
1.9210526315789476,1.9210526315789476,10.3125,10.178450880955465,38.68192439628624,0.27745117187499996,120.0,1,8.84166054732458,1.4084969894001353,0.528686638126949,15.225488281250001
2.1526315789473687,1.9210526315789476,10.9375,10.845790336091108,40.84883941408171,0.26882486979166664,120.0,1,9.297616252778683,1.6515797340336031,0.537399701475238,15.311751302083334
2.3842105263157896,1.9210526315789476,11.5625,11.51402810259447,42.98353953677009,0.2652506510416666,120.0,1,9.7492337027536,2.111485358913176,0.5453304194963102,15.347493489583336
2.6157894736842104,1.9210526315789476,12.1875,12.181950439131988,45.087390565617454,0.26069986979166665,120.0,1,10.19647392714445,2.791007391779991,0.55337733394963,15.393001302083334
2.8473684210526318,1.9210526315789476,14.0625,14.175109249961274,51.22620498314349,0.24320312500000002,120.0,1,11.511572071425011,4.006289501318253,0.5778740349482722,15.56796875
3.0789473684210527,1.9210526315789476,16.5625,16.786813615446057,59.04820962498263,0.22455078125,120.0,1,13.201681327084128,5.706873028075367,0.6092348300788456,15.7544921875
3.310526315789474,1.9210526315789476,19.6875,19.9478125799683,68.32152905040478,0.21117187499999998,120.0,1,15.209704326369446,7.919387145112242,0.6458811435203473,15.88828125
3.542105263157895,1.9210526315789476,23.4375,23.558076054333267,78.82331250069028,0.19750000000000004,120.0,1,17.46092709098662,10.60908167765129,0.687864141420827,16.025
3.773684210526316,1.9210526315789476,28.4375,28.01903813115984,92.14427408608265,0.18810546875,120.0,1,20.182879678385504,13.897535768854908,0.7398488108948696,16.1189453125
4.0052631578947375,1.9210526315789476,33.4375,32.03201020081093,104.87437964320357,0.18298177083333336,120.0,1,22.569949618122223,17.116722178553335,0.7880583102239506,16.170182291666666
4.236842105263158,1.9210526315789476,39.6875,36.34279579846613,119.84929223079087,0.17935546874999997,120.0,1,25.054822501257643,20.40271013107325,0.8429608515823365,16.2064453125
4.468421052631579,1.9210526315789476,45.3125,39.46350695740867,132.57729499947604,0.17745442708333334,120.0,1,26.78541676734765,22.903836758572552,0.8870902959796447,16.22545572916667
4.7,1.9210526315789476,49.6875,41.321314383970424,142.05614254635515,0.1768294270833333,120.0,1,27.776584271750053,24.504357992427426,0.9176057950101042,16.23170572916667
0.3,2.1526315789473687,16.5625,16.786813615446057,59.04820962498263,0.22455078125,120.0,1,13.201681327084128,3.974325075727351,0.6092348300788456,15.7544921875
0.531578947368421,2.1526315789473687,14.6875,14.833830555436494,53.218631106526914,0.23822265625000003,120.0,1,11.94095134047892,2.846766555220366,0.5858294081963591,15.6177734375
0.7631578947368421,2.1526315789473687,12.1875,12.181950439131988,45.087390565617454,0.26069986979166665,120.0,1,10.19647392714445,1.7002704838342795,0.55337733394963,15.393001302083334
0.9947368421052631,2.1526315789473687,10.3125,10.178450880955465,38.68192439628624,0.27745117187499996,120.0,1,8.84166054732458,0.943610355582608,0.528686638126949,15.225488281250001
1.2263157894736842,2.1526315789473687,9.0625,8.853148802972433,34.24548770312952,0.293603515625,120.0,1,7.916905781225671,0.6055265131424938,0.5113850718215074,15.06396484375
1.4578947368421054,2.1526315789473687,7.8125,7.557301717634292,29.661179888172263,0.30831705729166664,120.0,1,6.975359067051619,0.5715205048907821,0.49433313177140226,14.916829427083334
1.6894736842105265,2.1526315789473687,7.8125,7.557301717634292,29.661179888172263,0.30831705729166664,120.0,1,6.975359067051619,0.6576597899544476,0.49433313177140226,14.916829427083334
1.9210526315789476,2.1526315789473687,7.1875,6.930297594465916,27.308952736548726,0.32259440104166665,120.0,1,6.498440411087619,0.6432655055429596,0.484834558638642,14.774055989583335
2.1526315789473687,2.1526315789473687,7.8125,7.557301717634292,29.661179888172263,0.30831705729166664,120.0,1,6.975359067051619,0.5593132406906665,0.49433313177140226,14.916829427083334
2.3842105263157896,2.1526315789473687,7.8125,7.557301717634292,29.661179888172263,0.30831705729166664,120.0,1,6.975359067051619,0.36877270620371244,0.49433313177140226,14.916829427083334
2.6157894736842104,2.1526315789473687,9.0625,8.853148802972433,34.24548770312952,0.293603515625,120.0,1,7.916905781225671,0.435517294761737,0.5113850718215074,15.06396484375
2.8473684210526318,2.1526315789473687,10.3125,10.178450880955465,38.68192439628624,0.27745117187499996,120.0,1,8.84166054732458,1.3148135497115578,0.528686638126949,15.225488281250001
3.0789473684210527,2.1526315789473687,12.1875,12.181950439131988,45.087390565617454,0.26069986979166665,120.0,1,10.19647392714445,2.609778988734346,0.55337733394963,15.393001302083334
3.310526315789474,2.1526315789473687,14.6875,14.833830555436494,53.218631106526914,0.23822265625000003,120.0,1,11.94095134047892,4.408296516272342,0.5858294081963591,15.6177734375
3.542105263157895,2.1526315789473687,18.4375,18.69882172053261,64.67410503251367,0.21580078125,120.0,1,14.420655140509716,6.955851946395664,0.6314771973528576,15.8419921875
3.773684210526316,2.1526315789473687,22.8125,22.971335533575456,77.11570667785392,0.19914713541666668,120.0,1,17.0979754518252,10.044544263154018,0.6810876195447865,16.008528645833334
4.0052631578947375,2.1526315789473687,27.8125,27.484949755676265,90.49967034596635,0.18907552083333332,120.0,1,19.860596200017334,13.498550655328025,0.7335363105288909,16.10924479166667
4.236842105263158,2.1526315789473687,33.4375,32.03201020081093,104.87437964320357,0.18298177083333336,120.0,1,22.569949618122223,17.02826041968416,0.7880583102239506,16.170182291666666
4.468421052631579,2.1526315789473687,39.0625,35.94973216190924,118.39366767173493,0.17974609375,120.0,1,24.83228937189576,20.12034708038688,0.8377247531095058,16.2025390625
4.7,2.1526315789473687,44.0625,38.8376008584215,129.8041355057356,0.17775390625,120.0,1,26.444083573014588,22.4134566492892,0.8777438504530406,16.222460937500003
0.3,2.3842105263157896,13.4375,13.513191560822035,49.20756720332088,0.24774739583333333,120.0,1,11.077677466425035,2.191283986906202,0.5699414307110627,15.522526041666666
0.531578947368421,2.3842105263157896,10.9375,10.845790336091108,40.84883941408171,0.26882486979166664,120.0,1,9.297616252778683,1.4964872307637473,0.537399701475238,15.311751302083334
0.7631578947368421,2.3842105263157896,9.0625,8.853148802972433,34.24548770312952,0.293603515625,120.0,1,7.916905781225671,1.114420678277496,0.5113850718215074,15.06396484375
0.9947368421052631,2.3842105263157896,7.8125,7.557301717634292,29.661179888172263,0.30831705729166664,120.0,1,6.975359067051619,1.1555162493203501,0.49433313177140226,14.916829427083334
1.2263157894736842,2.3842105263157896,6.5625,6.325547903227237,24.913932168172103,0.338662109375,120.0,1,6.017528428992188,1.4716229678839507,0.4751565742167506,14.61337890625
1.4578947368421054,2.3842105263157896,5.9375,5.752343273882368,22.47386963113255,0.35084960937500004,75.0,1,5.532723698718966,1.7352707801402478,0.40995138898274786,14.49150390625
1.6894736842105265,2.3842105263157896,5.3125,5.223580487149498,19.986357576556976,0.3782649739583333,12.5,1,5.0441557819539,1.7979025610248067,0.32080011317238843,14.217350260416667
1.9210526315789476,2.3842105263157896,5.3125,5.223580487149498,19.986357576556976,0.3782649739583333,12.5,1,5.0441557819539,1.8392869222898591,0.32080011317238843,14.217350260416667
2.1526315789473687,2.3842105263157896,5.3125,5.223580487149498,19.986357576556976,0.3782649739583333,12.5,1,5.0441557819539,1.7109982723648467,0.32080011317238843,14.217350260416667
2.3842105263157896,2.3842105263157896,5.9375,5.752343273882368,22.47386963113255,0.35084960937500004,75.0,1,5.532723698718966,1.5370314433448724,0.40995138898274786,14.49150390625
2.6157894736842104,2.3842105263157896,6.5625,6.325547903227237,24.913932168172103,0.338662109375,120.0,1,6.017528428992188,1.1268186571906222,0.4751565742167506,14.61337890625
2.8473684210526318,2.3842105263157896,7.8125,7.557301717634292,29.661179888172263,0.30831705729166664,120.0,1,6.975359067051619,0.5775410979781915,0.49433313177140226,14.916829427083334
3.0789473684210527,2.3842105263157896,9.0625,8.853148802972433,34.24548770312952,0.293603515625,120.0,1,7.916905781225671,0.478522964200838,0.5113850718215074,15.06396484375
3.310526315789474,2.3842105263157896,11.5625,11.51402810259447,42.98353953677009,0.2652506510416666,120.0,1,9.7492337027536,1.9734021939954056,0.5453304194963102,15.347493489583336
3.542105263157895,2.3842105263157896,14.6875,14.833830555436494,53.218631106526914,0.23822265625000003,120.0,1,11.94095134047892,4.093462277806511,0.5858294081963591,15.6177734375
3.773684210526316,2.3842105263157896,18.4375,18.69882172053261,64.67410503251367,0.21580078125,120.0,1,14.420655140509716,6.833813923544599,0.6314771973528576,15.8419921875
4.0052631578947375,2.3842105263157896,23.4375,23.558076054333267,78.82331250069028,0.19750000000000004,120.0,1,17.46092709098662,10.314329887826604,0.687864141420827,16.025
4.236842105263158,2.3842105263157896,29.0625,28.546127361741217,93.77642070139632,0.18721354166666668,120.0,1,20.499932791709348,14.069021847784233,0.7460976435428576,16.127864583333334
4.468421052631579,2.3842105263157896,34.6875,32.959626140414684,107.94718781371121,0.18208333333333335,120.0,1,23.112298585035568,17.530844861809566,0.7995149537651529,16.179166666666667
4.7,2.3842105263157896,39.0625,35.94973216190924,118.39366767173493,0.17974609375,120.0,1,24.83228937189576,20.045885075560836,0.8377247531095058,16.2025390625
0.3,2.6157894736842104,10.9375,10.845790336091108,40.84883941408171,0.26882486979166664,120.0,1,9.297616252778683,2.0188581023024823,0.537399701475238,15.311751302083334
0.531578947368421,2.6157894736842104,8.4375,8.199870992415764,31.972708466239524,0.30072591145833333,120.0,1,7.448203355081376,1.6579816243879328,0.5028811878967449,14.992740885416667
0.7631578947368421,2.6157894736842104,7.1875,6.930297594465916,27.308952736548726,0.32259440104166665,120.0,1,6.498440411087619,1.825473793902996,0.484834558638642,14.774055989583335
0.9947368421052631,2.6157894736842104,5.3125,5.223580487149498,19.986357576556976,0.3782649739583333,12.5,1,5.0441557819539,2.032418256486828,0.32080011317238843,14.217350260416667
1.2263157894736842,2.6157894736842104,4.6875,4.756856868303194,17.44882905462977,0.4126041666666667,120.0,1,4.551998717504698,2.310793601969268,0.44342269522125644,13.873958333333334
1.4578947368421054,2.6157894736842104,4.0625,4.3750754479681975,14.858565004960766,0.4232161458333333,120.0,1,4.056497622904067,2.3915019887014126,0.4356716606608956,13.767838541666668
1.6894736842105265,2.6157894736842104,4.0625,4.3750754479681975,14.858565004960766,0.4232161458333333,120.0,1,4.056497622904067,2.586217356374391,0.4356716606608956,13.767838541666668
1.9210526315789476,2.6157894736842104,4.0625,4.3750754479681975,14.858565004960766,0.4232161458333333,120.0,1,4.056497622904067,2.628341591588838,0.4356716606608956,13.767838541666668
2.1526315789473687,2.6157894736842104,4.0625,4.3750754479681975,14.858565004960766,0.4232161458333333,120.0,1,4.056497622904067,2.505989333162089,0.4356716606608956,13.767838541666668
2.3842105263157896,2.6157894736842104,4.0625,4.3750754479681975,14.858565004960766,0.4232161458333333,120.0,1,4.056497622904067,2.2248703941556047,0.4356716606608956,13.767838541666668
2.6157894736842104,2.6157894736842104,4.6875,4.756856868303194,17.44882905462977,0.4126041666666667,120.0,1,4.551998717504698,2.0099316332569646,0.44342269522125644,13.873958333333334
2.8473684210526318,2.6157894736842104,5.3125,5.223580487149498,19.986357576556976,0.3782649739583333,12.5,1,5.0441557819539,1.544509853628041,0.32080011317238843,14.217350260416667
3.0789473684210527,2.6157894736842104,7.1875,6.930297594465916,27.308952736548726,0.32259440104166665,120.0,1,6.498440411087619,0.940124020534574,0.484834558638642,14.774055989583335
3.310526315789474,2.6157894736842104,9.0625,8.853148802972433,34.24548770312952,0.293603515625,120.0,1,7.916905781225671,0.41053735434790295,0.5113850718215074,15.06396484375
3.542105263157895,2.6157894736842104,11.5625,11.51402810259447,42.98353953677009,0.2652506510416666,120.0,1,9.7492337027536,1.8819456918641853,0.5453304194963102,15.347493489583336
3.773684210526316,2.6157894736842104,14.6875,14.833830555436494,53.218631106526914,0.23822265625000003,120.0,1,11.94095134047892,4.193527301928123,0.5858294081963591,15.6177734375
4.0052631578947375,2.6157894736842104,19.6875,19.9478125799683,68.32152905040478,0.21117187499999998,120.0,1,15.209704326369446,7.52057171584669,0.6458811435203473,15.88828125
4.236842105263158,2.6157894736842104,24.6875,24.7127238798617,82.1911745517415,0.19513020833333333,120.0,1,18.1718819080849,11.104603565532413,0.7011259684460861,16.04869791666667
4.468421052631579,2.6157894736842104,30.3125,29.57894239066214,97.00442074922148,0.18564453125,120.0,1,21.118211888612127,14.803725743612059,0.7584061147863428,16.1435546875
4.7,2.6157894736842104,35.3125,33.411543569484536,109.46833443119294,0.18182291666666667,120.0,1,23.375105398953632,17.830153222723908,0.8051321503662902,16.18177083333333
0.3,2.8473684210526318,8.4375,8.199870992415764,31.972708466239524,0.30072591145833333,120.0,1,7.448203355081376,2.3381021865290377,0.5028811878967449,14.992740885416667
0.531578947368421,2.8473684210526318,6.5625,6.325547903227237,24.913932168172103,0.338662109375,120.0,1,6.017528428992188,2.2636445082352776,0.4751565742167506,14.61337890625
0.7631578947368421,2.8473684210526318,5.3125,5.223580487149498,19.986357576556976,0.3782649739583333,12.5,1,5.0441557819539,2.5644991108954636,0.32080011317238843,14.217350260416667
0.9947368421052631,2.8473684210526318,4.0625,4.3750754479681975,14.858565004960766,0.4232161458333333,120.0,1,4.056497622904067,2.6176337508111325,0.4356716606608956,13.767838541666668
1.2263157894736842,2.8473684210526318,3.4375,4.105213794244008,12.212712433282974,0.41555338541666664,120.0,1,3.558016974918141,2.7219479574777257,0.43125743468683697,13.844466145833334
1.4578947368421054,2.8473684210526318,3.4375,4.105213794244008,12.212712433282974,0.41555338541666664,120.0,1,3.558016974918141,3.0542012297255754,0.43125743468683697,13.844466145833334
1.6894736842105265,2.8473684210526318,2.8125,3.973463957493131,9.508315502920428,0.3864550781250001,120.0,1,3.0571344709215937,2.78373849053526,0.4308027995414776,14.13544921875
1.9210526315789476,2.8473684210526318,2.8125,3.973463957493131,9.508315502920428,0.3864550781250001,120.0,1,3.0571344709215937,2.821476441870299,0.4308027995414776,14.13544921875
2.1526315789473687,2.8473684210526318,2.8125,3.973463957493131,9.508315502920428,0.3864550781250001,120.0,1,3.0571344709215937,2.7170427604798366,0.4308027995414776,14.13544921875
2.3842105263157896,2.8473684210526318,3.4375,4.105213794244008,12.212712433282974,0.41555338541666664,120.0,1,3.558016974918141,2.890016361582796,0.43125743468683697,13.844466145833334
2.6157894736842104,2.8473684210526318,3.4375,4.105213794244008,12.212712433282974,0.41555338541666664,120.0,1,3.558016974918141,2.4597130582504274,0.43125743468683697,13.844466145833334
2.8473684210526318,2.8473684210526318,4.0625,4.3750754479681975,14.858565004960766,0.4232161458333333,120.0,1,4.056497622904067,2.176805053465694,0.4356716606608956,13.767838541666668
3.0789473684210527,2.8473684210526318,5.3125,5.223580487149498,19.986357576556976,0.3782649739583333,12.5,1,5.0441557819539,1.7847738688258303,0.32080011317238843,14.217350260416667
3.310526315789474,2.8473684210526318,7.1875,6.930297594465916,27.308952736548726,0.32259440104166665,120.0,1,6.498440411087619,1.0140043212906789,0.484834558638642,14.774055989583335
3.542105263157895,2.8473684210526318,9.0625,8.853148802972433,34.24548770312952,0.293603515625,120.0,1,7.916905781225671,0.523936074803777,0.5113850718215074,15.06396484375
3.773684210526316,2.8473684210526318,12.1875,12.181950439131988,45.087390565617454,0.26069986979166665,120.0,1,10.19647392714445,2.315113878887227,0.55337733394963,15.393001302083334
4.0052631578947375,2.8473684210526318,16.5625,16.786813615446057,59.04820962498263,0.22455078125,120.0,1,13.201681327084128,5.217897055885248,0.6092348300788456,15.7544921875
4.236842105263158,2.8473684210526318,21.5625,21.779544772046652,73.65080753536267,0.20326171875000001,120.0,1,16.357278169803692,8.736068939871275,0.6672598526358223,15.9673828125
4.468421052631579,2.8473684210526318,27.1875,26.943953428474458,88.84232798532362,0.19016927083333332,120.0,1,19.53311584234343,12.533983496290126,0.7271535738597302,16.098307291666668
4.7,2.8473684210526318,32.1875,31.07336637153886,101.75949933969241,0.18383463541666664,120.0,1,22.00554078328234,15.760738334828066,0.776390342831038,16.161653645833333
0.3,3.0789473684210527,7.1875,6.930297594465916,27.308952736548726,0.32259440104166665,120.0,1,6.498440411087619,2.9247354907258796,0.484834558638642,14.774055989583335
0.531578947368421,3.0789473684210527,5.3125,5.223580487149498,19.986357576556976,0.3782649739583333,12.5,1,5.0441557819539,2.8902712564597675,0.32080011317238843,14.217350260416667
0.7631578947368421,3.0789473684210527,4.0625,4.3750754479681975,14.858565004960766,0.4232161458333333,120.0,1,4.056497622904067,2.928014980459341,0.4356716606608956,13.767838541666668
0.9947368421052631,3.0789473684210527,3.4375,4.105213794244008,12.212712433282974,0.41555338541666664,120.0,1,3.558016974918141,3.101313750746999,0.43125743468683697,13.844466145833334
1.2263157894736842,3.0789473684210527,2.8125,3.973463957493131,9.508315502920428,0.3864550781250001,120.0,1,3.0571344709215937,3.066163357978352,0.4308027995414776,14.13544921875
1.4578947368421054,3.0789473684210527,2.8125,3.973463957493131,9.508315502920428,0.3864550781250001,120.0,1,3.0571344709215937,3.392332736405803,0.4308027995414776,14.13544921875
1.6894736842105265,3.0789473684210527,2.1875,3.996810100733714,6.74235586149587,0.33067382812499996,120.0,1,2.5548402644080626,2.9580571543558514,0.4351902470106481,14.693261718750001
1.9210526315789476,3.0789473684210527,2.1875,3.996810100733714,6.74235586149587,0.33067382812499996,120.0,1,2.5548402644080626,2.9945988991785484,0.4351902470106481,14.693261718750001
2.1526315789473687,3.0789473684210527,2.1875,3.996810100733714,6.74235586149587,0.33067382812499996,120.0,1,2.5548402644080626,2.897820090470684,0.4351902470106481,14.693261718750001
2.3842105263157896,3.0789473684210527,2.8125,3.973463957493131,9.508315502920428,0.3864550781250001,120.0,1,3.0571344709215937,3.237916037014464,0.4308027995414776,14.13544921875
2.6157894736842104,3.0789473684210527,2.8125,3.973463957493131,9.508315502920428,0.3864550781250001,120.0,1,3.0571344709215937,2.819693375681443,0.4308027995414776,14.13544921875
2.8473684210526318,3.0789473684210527,3.4375,4.105213794244008,12.212712433282974,0.41555338541666664,120.0,1,3.558016974918141,2.675200725392233,0.43125743468683697,13.844466145833334
3.0789473684210527,3.0789473684210527,4.0625,4.3750754479681975,14.858565004960766,0.4232161458333333,120.0,1,4.056497622904067,2.236844001692186,0.4356716606608956,13.767838541666668
3.310526315789474,3.0789473684210527,5.3125,5.223580487149498,19.986357576556976,0.3782649739583333,12.5,1,5.0441557819539,1.6760843020445726,0.32080011317238843,14.217350260416667
3.542105263157895,3.0789473684210527,7.8125,7.557301717634292,29.661179888172263,0.30831705729166664,120.0,1,6.975359067051619,0.8225383178203541,0.49433313177140226,14.916829427083334
3.773684210526316,3.0789473684210527,10.3125,10.178450880955465,38.68192439628624,0.27745117187499996,120.0,1,8.84166054732458,0.9901268635164182,0.528686638126949,15.225488281250001
4.0052631578947375,3.0789473684210527,14.0625,14.175109249961274,51.22620498314349,0.24320312500000002,120.0,1,11.511572071425011,3.4324188968314577,0.5778740349482722,15.56796875
4.236842105263158,3.0789473684210527,19.0625,19.326003168434184,66.50768171501684,0.21383463541666667,120.0,1,14.817559719205276,6.795714360247288,0.6386515516075707,15.861653645833334
4.468421052631579,3.0789473684210527,24.6875,24.7127238798617,82.1911745517415,0.19513020833333333,120.0,1,18.1718819080849,10.60014917556541,0.7011259684460861,16.04869791666667
4.7,3.0789473684210527,29.6875,29.066126064770163,95.39638203383761,0.18645833333333334,120.0,1,20.811721639778572,13.947039245375628,0.7522737420552874,16.135416666666664
0.3,3.310526315789474,5.9375,5.752343273882368,22.47386963113255,0.35084960937500004,75.0,1,5.532723698718966,3.372772836229616,0.40995138898274786,14.49150390625
0.531578947368421,3.310526315789474,4.6875,4.756856868303194,17.44882905462977,0.4126041666666667,120.0,1,4.551998717504698,3.40736654466747,0.44342269522125644,13.873958333333334
0.7631578947368421,3.310526315789474,3.4375,4.105213794244008,12.212712433282974,0.41555338541666664,120.0,1,3.558016974918141,3.2360343930469417,0.43125743468683697,13.844466145833334
0.9947368421052631,3.310526315789474,2.8125,3.973463957493131,9.508315502920428,0.3864550781250001,120.0,1,3.0571344709215937,3.272169412010251,0.4308027995414776,14.13544921875
1.2263157894736842,3.310526315789474,2.1875,3.996810100733714,6.74235586149587,0.33067382812499996,120.0,1,2.5548402644080626,3.077303727272626,0.4351902470106481,14.693261718750001
1.4578947368421054,3.310526315789474,2.1875,3.996810100733714,6.74235586149587,0.33067382812499996,120.0,1,2.5548402644080626,3.3747934284511034,0.4351902470106481,14.693261718750001
1.6894736842105265,3.310526315789474,2.1875,3.996810100733714,6.74235586149587,0.33067382812499996,120.0,1,2.5548402644080626,3.5580473681188014,0.4351902470106481,14.693261718750001
1.9210526315789476,3.310526315789474,2.1875,3.996810100733714,6.74235586149587,0.33067382812499996,120.0,1,2.5548402644080626,3.600674188093709,0.4351902470106481,14.693261718750001
2.1526315789473687,3.310526315789474,2.1875,3.996810100733714,6.74235586149587,0.33067382812499996,120.0,1,2.5548402644080626,3.491986796140696,0.4351902470106481,14.693261718750001
2.3842105263157896,3.310526315789474,2.1875,3.996810100733714,6.74235586149587,0.33067382812499996,120.0,1,2.5548402644080626,3.237825571480222,0.4351902470106481,14.693261718750001
2.6157894736842104,3.310526315789474,2.1875,3.996810100733714,6.74235586149587,0.33067382812499996,120.0,1,2.5548402644080626,2.8588257479125314,0.4351902470106481,14.693261718750001
2.8473684210526318,3.310526315789474,2.8125,3.973463957493131,9.508315502920428,0.3864550781250001,120.0,1,3.0571344709215937,2.878830199985399,0.4308027995414776,14.13544921875
3.0789473684210527,3.310526315789474,3.4375,4.105213794244008,12.212712433282974,0.41555338541666664,120.0,1,3.558016974918141,2.5796960657594,0.43125743468683697,13.844466145833334
3.310526315789474,3.310526315789474,4.6875,4.756856868303194,17.44882905462977,0.4126041666666667,120.0,1,4.551998717504698,2.210370475636923,0.44342269522125644,13.873958333333334
3.542105263157895,3.310526315789474,6.5625,6.325547903227237,24.913932168172103,0.338662109375,120.0,1,6.017528428992188,1.436053439190902,0.4751565742167506,14.61337890625
3.773684210526316,3.310526315789474,9.0625,8.853148802972433,34.24548770312952,0.293603515625,120.0,1,7.916905781225671,0.724256269840946,0.5113850718215074,15.06396484375
4.0052631578947375,3.310526315789474,12.8125,12.848595729594921,47.16166852815668,0.2528873697916667,120.0,1,10.639300188110315,2.248989217155159,0.5618788375911681,15.471126302083334
4.236842105263158,3.310526315789474,17.1875,17.42903017571746,60.945085385947834,0.22090494791666665,120.0,1,13.612685917541631,5.295529660088057,0.6168064462447423,15.790950520833334
4.468421052631579,3.310526315789474,22.1875,22.378455408026188,75.39170155306235,0.20113281249999998,120.0,1,16.730082257859305,8.82941126229202,0.674209698055296,15.988671875
4.7,3.310526315789474,27.1875,26.943953428474458,88.84232798532362,0.19016927083333332,120.0,1,19.53311584234343,12.228876997301667,0.7271535738597302,16.098307291666668
0.3,3.542105263157895,5.3125,5.223580487149498,19.986357576556976,0.3782649739583333,12.5,1,5.0441557819539,3.7772379193268653,0.32080011317238843,14.217350260416667
0.531578947368421,3.542105263157895,4.0625,4.3750754479681975,14.858565004960766,0.4232161458333333,120.0,1,4.056497622904067,3.6370136168923946,0.4356716606608956,13.767838541666668
0.7631578947368421,3.542105263157895,3.4375,4.105213794244008,12.212712433282974,0.41555338541666664,120.0,1,3.558016974918141,3.803511332143752,0.43125743468683697,13.844466145833334
0.9947368421052631,3.542105263157895,2.8125,3.973463957493131,9.508315502920428,0.3864550781250001,120.0,1,3.0571344709215937,3.7987039703610144,0.4308027995414776,14.13544921875
1.2263157894736842,3.542105263157895,2.1875,3.996810100733714,6.74235586149587,0.33067382812499996,120.0,1,2.5548402644080626,3.539109750437324,0.4351902470106481,14.693261718750001
1.4578947368421054,3.542105263157895,1.5625,4.175807464072085,3.911782192293156,0.23973632812500004,120.0,1,2.0530126159668667,3.006861324939927,0.44569116696236966,15.60263671875
1.6894736842105265,3.542105263157895,1.5625,4.175807464072085,3.911782192293156,0.23973632812500004,120.0,1,2.0530126159668667,3.158567163447741,0.44569116696236966,15.60263671875
1.9210526315789476,3.542105263157895,1.5625,4.175807464072085,3.911782192293156,0.23973632812500004,120.0,1,2.0530126159668667,3.194058751758781,0.44569116696236966,15.60263671875
2.1526315789473687,3.542105263157895,1.5625,4.175807464072085,3.911782192293156,0.23973632812500004,120.0,1,2.0530126159668667,3.10453069263632,0.44569116696236966,15.60263671875
2.3842105263157896,3.542105263157895,1.5625,4.175807464072085,3.911782192293156,0.23973632812500004,120.0,1,2.0530126159668667,2.894871875351423,0.44569116696236966,15.60263671875
2.6157894736842104,3.542105263157895,2.1875,3.996810100733714,6.74235586149587,0.33067382812499996,120.0,1,2.5548402644080626,3.3035730873715727,0.4351902470106481,14.693261718750001
2.8473684210526318,3.542105263157895,2.8125,3.973463957493131,9.508315502920428,0.3864550781250001,120.0,1,3.0571344709215937,3.374630598467676,0.4308027995414776,14.13544921875
3.0789473684210527,3.542105263157895,3.4375,4.105213794244008,12.212712433282974,0.41555338541666664,120.0,1,3.558016974918141,3.0955869393637476,0.43125743468683697,13.844466145833334
3.310526315789474,3.542105263157895,4.0625,4.3750754479681975,14.858565004960766,0.4232161458333333,120.0,1,4.056497622904067,2.496389570641675,0.4356716606608956,13.767838541666668
3.542105263157895,3.542105263157895,5.9375,5.752343273882368,22.47386963113255,0.35084960937500004,75.0,1,5.532723698718966,1.9371307554999087,0.40995138898274786,14.49150390625
3.773684210526316,3.542105263157895,7.8125,7.557301717634292,29.661179888172263,0.30831705729166664,120.0,1,6.975359067051619,0.920271991813648,0.49433313177140226,14.916829427083334
4.0052631578947375,3.542105263157895,11.5625,11.51402810259447,42.98353953677009,0.2652506510416666,120.0,1,9.7492337027536,1.4825883349292162,0.5453304194963102,15.347493489583336
4.236842105263158,3.542105263157895,15.9375,16.140021360384438,57.12873294920179,0.22854166666666664,120.0,1,12.786037000849486,4.20997927045942,0.6015641547540432,15.714583333333334
4.468421052631579,3.542105263157895,20.9375,21.17471833078063,71.89251122711482,0.20583333333333337,120.0,1,15.979593648687823,7.686640368044925,0.6601933506831553,15.941666666666666
4.7,3.542105263157895,25.9375,25.841602605464296,85.4987829903978,0.19263671875000005,120.0,1,18.86269647527875,11.107135159629399,0.7142018096309911,16.0736328125
0.3,3.773684210526316,5.3125,5.223580487149498,19.986357576556976,0.3782649739583333,12.5,1,5.0441557819539,4.319766034017707,0.32080011317238843,14.217350260416667
0.531578947368421,3.773684210526316,4.0625,4.3750754479681975,14.858565004960766,0.4232161458333333,120.0,1,4.056497622904067,4.103047114558028,0.4356716606608956,13.767838541666668
0.7631578947368421,3.773684210526316,2.8125,3.973463957493131,9.508315502920428,0.3864550781250001,120.0,1,3.0571344709215937,3.619311461565545,0.4308027995414776,14.13544921875
0.9947368421052631,3.773684210526316,2.1875,3.996810100733714,6.74235586149587,0.33067382812499996,120.0,1,2.5548402644080626,3.456740983069342,0.4351902470106481,14.693261718750001
1.2263157894736842,3.773684210526316,2.1875,3.996810100733714,6.74235586149587,0.33067382812499996,120.0,1,2.5548402644080626,3.8952955415281867,0.4351902470106481,14.693261718750001
1.4578947368421054,3.773684210526316,1.5625,4.175807464072085,3.911782192293156,0.23973632812500004,120.0,1,2.0530126159668667,3.292313236541953,0.44569116696236966,15.60263671875
1.6894736842105265,3.773684210526316,1.5625,4.175807464072085,3.911782192293156,0.23973632812500004,120.0,1,2.0530126159668667,3.454277293825636,0.44569116696236966,15.60263671875
1.9210526315789476,3.773684210526316,1.5625,4.175807464072085,3.911782192293156,0.23973632812500004,120.0,1,2.0530126159668667,3.4922719723950912,0.44569116696236966,15.60263671875
2.1526315789473687,3.773684210526316,1.5625,4.175807464072085,3.911782192293156,0.23973632812500004,120.0,1,2.0530126159668667,3.3969116965410127,0.44569116696236966,15.60263671875
2.3842105263157896,3.773684210526316,1.5625,4.175807464072085,3.911782192293156,0.23973632812500004,120.0,1,2.0530126159668667,3.173433471235913,0.44569116696236966,15.60263671875
2.6157894736842104,3.773684210526316,2.1875,3.996810100733714,6.74235586149587,0.33067382812499996,120.0,1,2.5548402644080626,3.64528279578579,0.4351902470106481,14.693261718750001
2.8473684210526318,3.773684210526316,2.1875,3.996810100733714,6.74235586149587,0.33067382812499996,120.0,1,2.5548402644080626,3.0930014748147903,0.4351902470106481,14.693261718750001
3.0789473684210527,3.773684210526316,2.8125,3.973463957493131,9.508315502920428,0.3864550781250001,120.0,1,3.0571344709215937,2.987214427336064,0.4308027995414776,14.13544921875
3.310526315789474,3.773684210526316,4.0625,4.3750754479681975,14.858565004960766,0.4232161458333333,120.0,1,4.056497622904067,2.892131473984024,0.4356716606608956,13.767838541666668
3.542105263157895,3.773684210526316,5.3125,5.223580487149498,19.986357576556976,0.3782649739583333,12.5,1,5.0441557819539,2.208690265643209,0.32080011317238843,14.217350260416667
3.773684210526316,3.773684210526316,7.8125,7.557301717634292,29.661179888172263,0.30831705729166664,120.0,1,6.975359067051619,1.259923118072903,0.49433313177140226,14.916829427083334
4.0052631578947375,3.773684210526316,10.9375,10.845790336091108,40.84883941408171,0.26882486979166664,120.0,1,9.297616252778683,1.2913622615044578,0.537399701475238,15.311751302083334
4.236842105263158,3.773684210526316,15.3125,15.488923000444931,55.18583131071679,0.23511718750000002,120.0,1,12.365783404236755,3.494427380726189,0.593459280626913,15.648828125000001
4.468421052631579,3.773684210526316,20.3125,20.564097637940623,70.11627377155513,0.20815104166666665,120.0,1,15.597058984297098,6.9301149033513445,0.6531148897495188,15.918489583333333
4.7,3.773684210526316,24.6875,24.7127238798617,82.1911745517415,0.19513020833333333,120.0,1,18.1718819080849,10.1361533125016,0.7011259684460861,16.04869791666667
0.3,4.0052631578947375,5.3125,5.223580487149498,19.986357576556976,0.3782649739583333,12.5,1,5.0441557819539,4.70164973568988,0.32080011317238843,14.217350260416667
0.531578947368421,4.0052631578947375,4.0625,4.3750754479681975,14.858565004960766,0.4232161458333333,120.0,1,4.056497622904067,4.425490826025804,0.4356716606608956,13.767838541666668
0.7631578947368421,4.0052631578947375,2.8125,3.973463957493131,9.508315502920428,0.3864550781250001,120.0,1,3.0571344709215937,3.871762076020961,0.4308027995414776,14.13544921875
0.9947368421052631,4.0052631578947375,2.1875,3.996810100733714,6.74235586149587,0.33067382812499996,120.0,1,2.5548402644080626,3.676373859396115,0.4351902470106481,14.693261718750001
1.2263157894736842,4.0052631578947375,1.5625,4.175807464072085,3.911782192293156,0.23973632812500004,120.0,1,2.0530126159668667,3.2069764256870448,0.44569116696236966,15.60263671875
1.4578947368421054,4.0052631578947375,1.5625,4.175807464072085,3.911782192293156,0.23973632812500004,120.0,1,2.0530126159668667,3.478572774961347,0.44569116696236966,15.60263671875
1.6894736842105265,4.0052631578947375,1.5625,4.175807464072085,3.911782192293156,0.23973632812500004,120.0,1,2.0530126159668667,3.6459300494177023,0.44569116696236966,15.60263671875
1.9210526315789476,4.0052631578947375,1.5625,4.175807464072085,3.911782192293156,0.23973632812500004,120.0,1,2.0530126159668667,3.6849529872168434,0.44569116696236966,15.60263671875
2.1526315789473687,4.0052631578947375,1.5625,4.175807464072085,3.911782192293156,0.23973632812500004,120.0,1,2.0530126159668667,3.585906219716321,0.44569116696236966,15.60263671875
2.3842105263157896,4.0052631578947375,1.5625,4.175807464072085,3.911782192293156,0.23973632812500004,120.0,1,2.0530126159668667,3.3541735933966526,0.44569116696236966,15.60263671875
2.6157894736842104,4.0052631578947375,1.5625,4.175807464072085,3.911782192293156,0.23973632812500004,120.0,1,2.0530126159668667,3.008667788695354,0.44569116696236966,15.60263671875
2.8473684210526318,4.0052631578947375,2.1875,3.996810100733714,6.74235586149587,0.33067382812499996,120.0,1,2.5548402644080626,3.2957489841140197,0.4351902470106481,14.693261718750001
3.0789473684210527,4.0052631578947375,2.8125,3.973463957493131,9.508315502920428,0.3864550781250001,120.0,1,3.0571344709215937,3.2105142549432637,0.4308027995414776,14.13544921875
3.310526315789474,4.0052631578947375,4.0625,4.3750754479681975,14.858565004960766,0.4232161458333333,120.0,1,4.056497622904067,3.1595315625914044,0.4356716606608956,13.767838541666668
3.542105263157895,4.0052631578947375,5.3125,5.223580487149498,19.986357576556976,0.3782649739583333,12.5,1,5.0441557819539,2.496457836814342,0.32080011317238843,14.217350260416667
3.773684210526316,4.0052631578947375,7.1875,6.930297594465916,27.308952736548726,0.32259440104166665,120.0,1,6.498440411087619,1.4799945654148023,0.484834558638642,14.774055989583335
4.0052631578947375,4.0052631578947375,10.3125,10.178450880955465,38.68192439628624,0.27745117187499996,120.0,1,8.84166054732458,1.318422134856034,0.528686638126949,15.225488281250001
4.236842105263158,4.0052631578947375,14.6875,14.833830555436494,53.218631106526914,0.23822265625000003,120.0,1,11.94095134047892,3.0176867662193816,0.5858294081963591,15.6177734375
4.468421052631579,4.0052631578947375,19.6875,19.9478125799683,68.32152905040478,0.21117187499999998,120.0,1,15.209704326369446,6.342391884108381,0.6458811435203473,15.88828125
4.7,4.0052631578947375,24.6875,24.7127238798617,82.1911745517415,0.19513020833333333,120.0,1,18.1718819080849,9.764657851905358,0.7011259684460861,16.04869791666667
0.3,4.236842105263158,5.3125,5.223580487149498,19.986357576556976,0.3782649739583333,12.5,1,5.0441557819539,4.9153158017280925,0.32080011317238843,14.217350260416667
0.531578947368421,4.236842105263158,4.0625,4.3750754479681975,14.858565004960766,0.4232161458333333,120.0,1,4.056497622904067,4.5971972870485756,0.4356716606608956,13.767838541666668
0.7631578947368421,4.236842105263158,2.8125,3.973463957493131,9.508315502920428,0.3864550781250001,120.0,1,3.0571344709215937,3.999133144061613,0.4308027995414776,14.13544921875
0.9947368421052631,4.236842105263158,2.1875,3.996810100733714,6.74235586149587,0.33067382812499996,120.0,1,2.5548402644080626,3.7812788461938656,0.4351902470106481,14.693261718750001
1.2263157894736842,4.236842105263158,2.1875,3.996810100733714,6.74235586149587,0.33067382812499996,120.0,1,2.5548402644080626,4.236483553972169,0.4351902470106481,14.693261718750001
1.4578947368421054,4.236842105263158,1.5625,4.175807464072085,3.911782192293156,0.23973632812500004,120.0,1,2.0530126159668667,3.5602398428470012,0.44569116696236966,15.60263671875
1.6894736842105265,4.236842105263158,1.5625,4.175807464072085,3.911782192293156,0.23973632812500004,120.0,1,2.0530126159668667,3.727791548792689,0.44569116696236966,15.60263671875
1.9210526315789476,4.236842105263158,1.5625,4.175807464072085,3.911782192293156,0.23973632812500004,120.0,1,2.0530126159668667,3.766268023824475,0.44569116696236966,15.60263671875
2.1526315789473687,4.236842105263158,1.5625,4.175807464072085,3.911782192293156,0.23973632812500004,120.0,1,2.0530126159668667,3.6658302217791996,0.44569116696236966,15.60263671875
2.3842105263157896,4.236842105263158,1.5625,4.175807464072085,3.911782192293156,0.23973632812500004,120.0,1,2.0530126159668667,3.4317900635757885,0.44569116696236966,15.60263671875
2.6157894736842104,4.236842105263158,2.1875,3.996810100733714,6.74235586149587,0.33067382812499996,120.0,1,2.5548402644080626,3.96627699231027,0.4351902470106481,14.693261718750001
2.8473684210526318,4.236842105263158,2.1875,3.996810100733714,6.74235586149587,0.33067382812499996,120.0,1,2.5548402644080626,3.3881718256641284,0.4351902470106481,14.693261718750001
3.0789473684210527,4.236842105263158,2.8125,3.973463957493131,9.508315502920428,0.3864550781250001,120.0,1,3.0571344709215937,3.3165604127598876,0.4308027995414776,14.13544921875
3.310526315789474,4.236842105263158,4.0625,4.3750754479681975,14.858565004960766,0.4232161458333333,120.0,1,4.056497622904067,3.292138902286186,0.4356716606608956,13.767838541666668
3.542105263157895,4.236842105263158,5.3125,5.223580487149498,19.986357576556976,0.3782649739583333,12.5,1,5.0441557819539,2.6461293815619396,0.32080011317238843,14.217350260416667
3.773684210526316,4.236842105263158,7.8125,7.557301717634292,29.661179888172263,0.30831705729166664,120.0,1,6.975359067051619,1.7725085118075756,0.49433313177140226,14.916829427083334
4.0052631578947375,4.236842105263158,10.9375,10.845790336091108,40.84883941408171,0.26882486979166664,120.0,1,9.297616252778683,1.5511823579145614,0.537399701475238,15.311751302083334
4.236842105263158,4.236842105263158,14.6875,14.833830555436494,53.218631106526914,0.23822265625000003,120.0,1,11.94095134047892,2.9319083686975045,0.5858294081963591,15.6177734375
4.468421052631579,4.236842105263158,19.6875,19.9478125799683,68.32152905040478,0.21117187499999998,120.0,1,15.209704326369446,6.109779608953551,0.6458811435203473,15.88828125
4.7,4.236842105263158,24.0625,24.13857244702062,80.5149863230111,0.19611979166666665,120.0,1,17.81890628872478,9.314861027489425,0.6945498329162767,16.038802083333334
0.3,4.468421052631579,5.3125,5.223580487149498,19.986357576556976,0.3782649739583333,12.5,1,5.0441557819539,4.9945778526762314,0.32080011317238843,14.217350260416667
0.531578947368421,4.468421052631579,4.0625,4.3750754479681975,14.858565004960766,0.4232161458333333,120.0,1,4.056497622904067,4.648808997519777,0.4356716606608956,13.767838541666668
0.7631578947368421,4.468421052631579,3.4375,4.105213794244008,12.212712433282974,0.41555338541666664,120.0,1,3.558016974918141,4.731177891201516,0.43125743468683697,13.844466145833334
0.9947368421052631,4.468421052631579,2.1875,3.996810100733714,6.74235586149587,0.33067382812499996,120.0,1,2.5548402644080626,3.795372637985065,0.4351902470106481,14.693261718750001
1.2263157894736842,4.468421052631579,2.1875,3.996810100733714,6.74235586149587,0.33067382812499996,120.0,1,2.5548402644080626,4.241838672731103,0.4351902470106481,14.693261718750001
1.4578947368421054,4.468421052631579,1.5625,4.175807464072085,3.911782192293156,0.23973632812500004,120.0,1,2.0530126159668667,3.559471483251824,0.44569116696236966,15.60263671875
1.6894736842105265,4.468421052631579,1.5625,4.175807464072085,3.911782192293156,0.23973632812500004,120.0,1,2.0530126159668667,3.7232145106932077,0.44569116696236966,15.60263671875
1.9210526315789476,4.468421052631579,1.5625,4.175807464072085,3.911782192293156,0.23973632812500004,120.0,1,2.0530126159668667,3.7599576523635534,0.44569116696236966,15.60263671875
2.1526315789473687,4.468421052631579,1.5625,4.175807464072085,3.911782192293156,0.23973632812500004,120.0,1,2.0530126159668667,3.6599518447410504,0.44569116696236966,15.60263671875
2.3842105263157896,4.468421052631579,1.5625,4.175807464072085,3.911782192293156,0.23973632812500004,120.0,1,2.0530126159668667,3.4282676739757645,0.44569116696236966,15.60263671875
2.6157894736842104,4.468421052631579,2.1875,3.996810100733714,6.74235586149587,0.33067382812499996,120.0,1,2.5548402644080626,3.965737549427872,0.4351902470106481,14.693261718750001
2.8473684210526318,4.468421052631579,2.8125,3.973463957493131,9.508315502920428,0.3864550781250001,120.0,1,3.0571344709215937,4.128853775329375,0.4308027995414776,14.13544921875
3.0789473684210527,4.468421052631579,3.4375,4.105213794244008,12.212712433282974,0.41555338541666664,120.0,1,3.558016974918141,3.9025215248609526,0.43125743468683697,13.844466145833334
3.310526315789474,4.468421052631579,4.0625,4.3750754479681975,14.858565004960766,0.4232161458333333,120.0,1,4.056497622904067,3.318111972930685,0.4356716606608956,13.767838541666668
3.542105263157895,4.468421052631579,5.9375,5.752343273882368,22.47386963113255,0.35084960937500004,75.0,1,5.532723698718966,2.926162897453894,0.40995138898274786,14.49150390625
3.773684210526316,4.468421052631579,7.8125,7.557301717634292,29.661179888172263,0.30831705729166664,120.0,1,6.975359067051619,1.9352436040651713,0.49433313177140226,14.916829427083334
4.0052631578947375,4.468421052631579,10.9375,10.845790336091108,40.84883941408171,0.26882486979166664,120.0,1,9.297616252778683,1.7577190597756338,0.537399701475238,15.311751302083334
4.236842105263158,4.468421052631579,15.3125,15.488923000444931,55.18583131071679,0.23511718750000002,120.0,1,12.365783404236755,3.096529237399686,0.593459280626913,15.648828125000001
4.468421052631579,4.468421052631579,20.3125,20.564097637940623,70.11627377155513,0.20815104166666665,120.0,1,15.597058984297098,6.188756715222234,0.6531148897495188,15.918489583333333
4.7,4.468421052631579,24.6875,24.7127238798617,82.1911745517415,0.19513020833333333,120.0,1,18.1718819080849,9.41787802814981,0.7011259684460861,16.04869791666667
0.3,4.7,5.9375,5.752343273882368,22.47386963113255,0.35084960937500004,75.0,1,5.532723698718966,5.462425562631962,0.40995138898274786,14.49150390625
0.531578947368421,4.7,4.6875,4.756856868303194,17.44882905462977,0.4126041666666667,120.0,1,4.551998717504698,5.199980908829877,0.44342269522125644,13.873958333333334
0.7631578947368421,4.7,3.4375,4.105213794244008,12.212712433282974,0.41555338541666664,120.0,1,3.558016974918141,4.690940865015905,0.43125743468683697,13.844466145833334
0.9947368421052631,4.7,2.8125,3.973463957493131,9.508315502920428,0.3864550781250001,120.0,1,3.0571344709215937,4.574484168025222,0.4308027995414776,14.13544921875
1.2263157894736842,4.7,2.1875,3.996810100733714,6.74235586149587,0.33067382812499996,120.0,1,2.5548402644080626,4.187181884152578,0.4351902470106481,14.693261718750001
1.4578947368421054,4.7,2.1875,3.996810100733714,6.74235586149587,0.33067382812499996,120.0,1,2.5548402644080626,4.531359059317584,0.4351902470106481,14.693261718750001
1.6894736842105265,4.7,2.1875,3.996810100733714,6.74235586149587,0.33067382812499996,120.0,1,2.5548402644080626,4.742017164965907,0.4351902470106481,14.693261718750001
1.9210526315789476,4.7,1.5625,4.175807464072085,3.911782192293156,0.23973632812500004,120.0,1,2.0530126159668667,3.702622561201328,0.44569116696236966,15.60263671875
2.1526315789473687,4.7,2.1875,3.996810100733714,6.74235586149587,0.33067382812499996,120.0,1,2.5548402644080626,4.65759219896583,0.4351902470106481,14.693261718750001
2.3842105263157896,4.7,2.1875,3.996810100733714,6.74235586149587,0.33067382812499996,120.0,1,2.5548402644080626,4.356136642966066,0.4351902470106481,14.693261718750001
2.6157894736842104,4.7,2.1875,3.996810100733714,6.74235586149587,0.33067382812499996,120.0,1,2.5548402644080626,3.907402554830517,0.4351902470106481,14.693261718750001
2.8473684210526318,4.7,2.8125,3.973463957493131,9.508315502920428,0.3864550781250001,120.0,1,3.0571344709215937,4.070683120734245,0.4308027995414776,14.13544921875
3.0789473684210527,4.7,3.4375,4.105213794244008,12.212712433282974,0.41555338541666664,120.0,1,3.558016974918141,3.851496209892847,0.43125743468683697,13.844466145833334
3.310526315789474,4.7,4.6875,4.756856868303194,17.44882905462977,0.4126041666666667,120.0,1,4.551998717504698,3.6752059902532492,0.44342269522125644,13.873958333333334
3.542105263157895,4.7,5.9375,5.752343273882368,22.47386963113255,0.35084960937500004,75.0,1,5.532723698718966,2.8947484312174376,0.40995138898274786,14.49150390625
3.773684210526316,4.7,8.4375,8.199870992415764,31.972708466239524,0.30072591145833333,120.0,1,7.448203355081376,2.1871359337550627,0.5028811878967449,14.992740885416667
4.0052631578947375,4.7,11.5625,11.51402810259447,42.98353953677009,0.2652506510416666,120.0,1,9.7492337027536,2.026531961612397,0.5453304194963102,15.347493489583336
4.236842105263158,4.7,15.9375,16.140021360384438,57.12873294920179,0.22854166666666664,120.0,1,12.786037000849486,3.31531640335605,0.6015641547540432,15.714583333333334
4.468421052631579,4.7,20.3125,20.564097637940623,70.11627377155513,0.20815104166666665,120.0,1,15.597058984297098,6.159520149645132,0.6531148897495188,15.918489583333333
4.7,4.7,24.6875,24.7127238798617,82.1911745517415,0.19513020833333333,120.0,1,18.1718819080849,9.377046622882213,0.7011259684460861,16.04869791666667
