x_h,y_h,E,RMSE,DeltaT_max,CR,t_s,N_sw,U_spatial,J,J_con
0.3,0.3,25.9375,35.46982246421931,192.82241036529942,0.16086914062500002,120.0,1,30.158538851092636,0.8309675422052667,16.39130859375
0.531578947368421,0.3,22.8125,30.0535060160862,150.88589441283156,0.170693359375,120.0,1,25.59259087979929,0.748610624019795,16.29306640625
0.7631578947368421,0.3,20.3125,25.595173871192163,120.04071551133688,0.18083007812500002,120.0,1,21.803467868504413,0.683456111758873,16.19169921875
0.9947368421052631,0.3,17.8125,21.385269665334693,97.89695710477858,0.19440755208333332,120.0,1,18.254709470991436,0.6253254073784009,16.05592447916667
1.2263157894736842,0.3,15.3125,17.449508879810672,80.90634687181284,0.21011067708333334,120.0,1,14.97502033990781,0.5721381291152074,15.898893229166667
1.4578947368421054,0.3,13.4375,14.509786076198958,69.30712025036833,0.23016276041666667,120.0,1,12.51111426847757,0.5318685414405876,15.698372395833333
1.6894736842105265,0.3,12.1875,12.51673887530814,61.814443670750194,0.24622395833333333,120.0,1,10.815259531128778,0.5045747307586708,15.537760416666668
1.9210526315789476,0.3,10.9375,10.733717215149934,55.118872145490556,0.2632161458333333,120.0,1,9.329155514950298,0.47900699353898124,15.367838541666668
2.1526315789473687,0.3,10.3125,9.803261673865338,51.64188119835386,0.2745052083333333,120.0,1,8.530239899007098,0.46547100742859926,15.254947916666667
2.3842105263157896,0.3,9.6875,9.021229097535299,48.4939071046599,0.29263020833333336,120.0,1,7.892497791587155,0.45206707277638525,15.073697916666667
2.6157894736842104,0.3,9.6875,9.021229097535299,48.4939071046599,0.29263020833333336,120.0,1,7.892497791587155,0.45206707277638525,15.073697916666667
2.8473684210526318,0.3,10.3125,9.803261673865332,51.64188119835384,0.2745052083333333,120.0,1,8.530239899007096,0.46547100742859926,15.254947916666667
3.0789473684210527,0.3,10.9375,10.733717215149934,55.118872145490556,0.2632161458333333,120.0,1,9.329155514950298,0.47900699353898124,15.367838541666668
3.310526315789474,0.3,12.1875,12.516738875308143,61.814443670750194,0.24622395833333333,120.0,1,10.81525953112878,0.5045747307586708,15.537760416666668
3.542105263157895,0.3,13.4375,14.509786076198958,69.30712025036833,0.23016276041666667,120.0,1,12.51111426847757,0.5318685414405876,15.698372395833333
3.773684210526316,0.3,15.3125,17.449508879810672,80.90634687181284,0.21011067708333334,120.0,1,14.97502033990781,0.5721381291152074,15.898893229166667
4.0052631578947375,0.3,17.8125,21.385269665334697,97.89695710477861,0.19440755208333332,120.0,1,18.254709470991436,0.6253254073784009,16.05592447916667
4.236842105263158,0.3,20.3125,25.59517387119216,120.04071551133691,0.18083007812500002,120.0,1,21.803467868504413,0.683456111758873,16.19169921875
4.468421052631579,0.3,22.8125,30.0535060160862,150.8858944128316,0.170693359375,120.0,1,25.592590879799292,0.748610624019795,16.29306640625
4.7,0.3,25.9375,35.46982246421931,192.82241036529942,0.16086914062500002,120.0,1,30.158538851092636,0.8309675422052667,16.39130859375
0.3,0.531578947368421,22.8125,30.574430007504592,158.7510628305628,0.17099283854166666,120.0,1,26.03778701622362,0.7572405862959855,16.290071614583333
0.531578947368421,0.531578947368421,20.3125,26.05760010042773,124.34574547536735,0.18170898437500002,120.0,1,22.215972426316778,0.6891849580071183,16.18291015625
0.7631578947368421,0.531578947368421,17.1875,21.007800217629818,94.29254067100884,0.19411132812499998,120.0,1,18.029256931876134,0.6169093498113926,16.058886718750003
0.9947368421052631,0.531578947368421,14.6875,16.96954333021146,75.09915176541969,0.20723307291666665,120.0,1,14.669213964753226,0.5619520254677672,15.927669270833334
1.2263157894736842,0.531578947368421,12.8125,13.929591657822053,62.46424929612216,0.22287109375,120.0,1,12.12072921287652,0.5210037591848192,15.7712890625
1.4578947368421054,0.531578947368421,10.9375,11.146260479641905,51.8914556028155,0.24673177083333334,120.0,1,9.814857260908116,0.4818497116655073,15.532682291666667
1.6894736842105265,0.531578947368421,9.6875,9.292073018304889,45.033834632459886,0.26857421875000004,120.0,1,8.251065459158225,0.4549965147909275,15.314257812500001
1.9210526315789476,0.531578947368421,8.4375,7.649356859249017,38.77796122783724,0.3019954427083333,120.0,1,6.87633450951108,0.4281470106854651,14.980045572916667
2.1526315789473687,0.531578947368421,7.8125,6.816377294212121,35.557461959255264,0.35145507812500004,120.0,1,6.150234538710317,0.40967336046581393,14.48544921875
2.3842105263157896,0.531578947368421,7.8125,6.711135686164198,35.28194599409917,0.37495442708333343,120.0,1,6.029139033019365,0.4052987337936631,14.250455729166667
2.6157894736842104,0.531578947368421,7.8125,6.711135686164198,35.28194599409917,0.37495442708333343,120.0,1,6.029139033019365,0.4052987337936631,14.250455729166667
2.8473684210526318,0.531578947368421,7.8125,6.816377294212121,35.55746195925526,0.35145507812500004,120.0,1,6.150234538710317,0.40967336046581393,14.48544921875
3.0789473684210527,0.531578947368421,8.4375,7.649356859249017,38.77796122783724,0.3019954427083333,120.0,1,6.876334509511079,0.4281470106854651,14.980045572916667
3.310526315789474,0.531578947368421,9.6875,9.292073018304887,45.033834632459886,0.26857421875000004,120.0,1,8.251065459158223,0.4549965147909275,15.314257812500001
3.542105263157895,0.531578947368421,10.9375,11.146260479641901,51.89145560281548,0.24673177083333334,120.0,1,9.814857260908111,0.48184971166550716,15.532682291666667
3.773684210526316,0.531578947368421,12.8125,13.929591657822057,62.46424929612216,0.22287109375,120.0,1,12.12072921287652,0.5210037591848192,15.7712890625
4.0052631578947375,0.531578947368421,14.6875,16.969543330211465,75.09915176541972,0.20723307291666665,120.0,1,14.66921396475323,0.5619520254677672,15.927669270833334
4.236842105263158,0.531578947368421,17.1875,21.00780021762982,94.29254067100884,0.19411132812499998,120.0,1,18.029256931876134,0.6169093498113926,16.058886718750003
4.468421052631579,0.531578947368421,20.3125,26.057600100427734,124.34574547536741,0.18170898437500002,120.0,1,22.215972426316778,0.6891849580071183,16.18291015625
4.7,0.531578947368421,22.8125,30.574430007504585,158.75106283056274,0.17099283854166666,120.0,1,26.03778701622361,0.7572405862959855,16.290071614583333
0.3,0.7631578947368421,20.3125,26.53600126235778,131.58438783470285,0.182158203125,120.0,1,22.617620275306752,0.6970949893724144,16.17841796875
0.531578947368421,0.7631578947368421,17.1875,21.415852206538915,97.86533784729647,0.19529622395833332,120.0,1,18.389217822995352,0.6217478053335203,16.047037760416668
0.7631578947368421,0.7631578947368421,14.6875,17.29223370526963,74.67019982720686,0.20870117187499998,120.0,1,14.967583345568388,0.5634616877655311,15.91298828125
0.9947368421052631,0.7631578947368421,12.1875,13.432186012109293,57.71371636058939,0.22446940104166666,120.0,1,11.794189754943492,0.5107631654884082,15.755305989583334
1.2263157894736842,0.7631578947368421,10.3125,10.573672544569298,46.47331943413285,0.24248697916666667,120.0,1,9.422048478442113,0.47155495475877474,15.575130208333334
1.4578947368421054,0.7631578947368421,8.4375,7.997314514296059,36.79856251254315,0.26615234375,120.0,1,7.284146037165807,0.43434615181348635,15.3384765625
1.6894736842105265,0.7631578947368421,7.1875,6.35181537611487,30.495781666550457,0.3065266927083333,108.75,1,5.861818551656543,0.3923414740033767,14.934733072916668
1.9210526315789476,0.7631578947368421,6.5625,5.505086862739839,27.236230743687877,0.377431640625,75.0,1,5.079300616228897,0.32835041559488837,14.22568359375
2.1526315789473687,0.7631578947368421,5.9375,4.8175277311806255,24.253218482267535,0.432861328125,120.0,1,4.42035787851375,0.3663069447020312,13.67138671875
2.3842105263157896,0.7631578947368421,5.9375,4.732306783867118,24.05432544515392,0.45211588541666664,120.0,1,4.321702832265958,0.3627473257270325,13.478841145833334
2.6157894736842104,0.7631578947368421,5.9375,4.732306783867118,24.05432544515392,0.45211588541666664,120.0,1,4.321702832265958,0.3627473257270325,13.478841145833334
2.8473684210526318,0.7631578947368421,5.9375,4.817527731180626,24.253218482267535,0.432861328125,120.0,1,4.420357878513752,0.3663069447020312,13.67138671875
3.0789473684210527,0.7631578947368421,6.5625,5.505086862739838,27.236230743687877,0.377431640625,75.0,1,5.079300616228896,0.3283504155948883,14.22568359375
3.310526315789474,0.7631578947368421,7.1875,6.351815376114871,30.495781666550457,0.3065266927083333,108.75,1,5.861818551656543,0.3923414740033767,14.934733072916668
3.542105263157895,0.7631578947368421,8.4375,7.997314514296059,36.79856251254315,0.26615234375,120.0,1,7.284146037165807,0.43434615181348635,15.3384765625
3.773684210526316,0.7631578947368421,10.3125,10.573672544569302,46.47331943413286,0.24248697916666667,120.0,1,9.422048478442113,0.47155495475877474,15.575130208333334
4.0052631578947375,0.7631578947368421,12.1875,13.432186012109298,57.71371636058939,0.22446940104166666,120.0,1,11.794189754943496,0.5107631654884082,15.755305989583334
4.236842105263158,0.7631578947368421,14.6875,17.29223370526963,74.67019982720687,0.20870117187499998,120.0,1,14.967583345568388,0.5634616877655311,15.91298828125
4.468421052631579,0.7631578947368421,17.1875,21.41585220653892,97.86533784729652,0.19529622395833332,120.0,1,18.38921782299536,0.6217478053335203,16.047037760416668
4.7,0.7631578947368421,20.3125,26.536001262357786,131.58438783470288,0.182158203125,120.0,1,22.617620275306756,0.6970949893724145,16.17841796875
0.3,0.9947368421052631,17.8125,22.63437307691877,108.67348762310328,0.19293294270833333,120.0,1,19.352876832395236,0.6407916652225449,16.07067057291667
0.531578947368421,0.9947368421052631,14.6875,17.675529004616518,78.3906855470836,0.20822591145833336,120.0,1,15.304958036673707,0.5684953479331736,15.917740885416666
0.7631578947368421,0.9947368421052631,12.1875,13.731838084515468,58.280247774643385,0.227119140625,120.0,1,12.071229081007973,0.5126352993811412,15.728808593750001
0.9947368421052631,0.9947368421052631,9.6875,10.082375251931232,43.10415253720917,0.245205078125,120.0,1,9.091157984828733,0.4621342381890309,15.54794921875
1.2263157894736842,0.9947368421052631,8.4375,8.118844445500372,35.41093820405335,0.2650325520833333,120.0,1,7.419523979481309,0.43432284246178077,15.349674479166667
1.4578947368421054,0.9947368421052631,6.5625,5.809001123909686,26.378850328419652,0.31163085937499996,78.75,1,5.437646544757002,0.3442256069702869,14.883691406250001
1.6894736842105265,0.9947368421052631,5.9375,4.946036779743033,22.993993516574605,0.3736751302083333,120.0,1,4.60935566249399,0.3751256456517209,14.263248697916667
1.9210526315789476,0.9947368421052631,5.3125,4.260876404926114,19.97007456362011,0.42586914062500003,120.0,1,3.8979540140986018,0.35730445907204444,13.74130859375
2.1526315789473687,0.9947368421052631,4.6875,3.770036789882141,17.16233549985307,0.4422981770833333,120.0,1,3.298685043356185,0.346215886012318,13.577018229166669
2.3842105263157896,0.9947368421052631,4.6875,3.7029432503958657,17.011212903637002,0.4649869791666666,120.0,1,3.2155272561044095,0.3422877074755005,13.350130208333335
2.6157894736842104,0.9947368421052631,4.6875,3.7029432503958657,17.011212903637002,0.4649869791666666,120.0,1,3.2155272561044095,0.3422877074755005,13.350130208333335
2.8473684210526318,0.9947368421052631,4.6875,3.7700367898821416,17.162335499853064,0.4422981770833333,120.0,1,3.2986850433561856,0.346215886012318,13.577018229166669
3.0789473684210527,0.9947368421052631,5.3125,4.260876404926114,19.97007456362011,0.42586914062500003,120.0,1,3.8979540140986018,0.35730445907204444,13.74130859375
3.310526315789474,0.9947368421052631,5.9375,4.946036779743033,22.993993516574605,0.3736751302083333,120.0,1,4.60935566249399,0.3751256456517209,14.263248697916667
3.542105263157895,0.9947368421052631,6.5625,5.809001123909689,26.37885032841966,0.31163085937499996,78.75,1,5.437646544757004,0.344225606970287,14.883691406250001
3.773684210526316,0.9947368421052631,8.4375,8.118844445500372,35.41093820405335,0.2650325520833333,120.0,1,7.419523979481309,0.43432284246178077,15.349674479166667
4.0052631578947375,0.9947368421052631,9.6875,10.082375251931236,43.104152537209195,0.245205078125,120.0,1,9.091157984828737,0.4621342381890309,15.54794921875
4.236842105263158,0.9947368421052631,12.1875,13.731838084515468,58.280247774643385,0.227119140625,120.0,1,12.071229081007973,0.5126352993811412,15.728808593750001
4.468421052631579,0.9947368421052631,14.6875,17.67552900461652,78.39068554708366,0.20822591145833336,120.0,1,15.304958036673709,0.5684953479331736,15.917740885416666
4.7,0.9947368421052631,17.8125,22.63437307691877,108.67348762310328,0.19293294270833333,120.0,1,19.352876832395236,0.6407916652225449,16.07067057291667
0.3,1.2263157894736842,15.3125,18.88886638925896,89.60386156978473,0.205693359375,120.0,1,16.26693559627868,0.5878104801534475,15.94306640625
0.531578947368421,1.2263157894736842,12.8125,14.855769091853155,65.00115006832596,0.2217154947916667,120.0,1,12.972865653188007,0.5287322287368179,15.782845052083335
0.7631578947368421,1.2263157894736842,10.3125,11.085774437383908,46.98263239845441,0.24505533854166667,120.0,1,9.909939996183308,0.47473298669221364,15.549446614583333
0.9947368421052631,1.2263157894736842,8.4375,8.333551670091117,35.48193710879221,0.268505859375,120.0,1,7.632894160007768,0.43519783514101895,15.31494140625
1.2263157894736842,1.2263157894736842,6.5625,5.935698958345404,25.89840657015945,0.3074446614583333,85.0,1,5.58323850550745,0.3531307594886354,14.925553385416666
1.4578947368421054,1.2263157894736842,5.3125,4.535868119041402,19.756512412284323,0.37941080729166665,120.0,1,4.233721482110738,0.36585185371501683,14.205891927083334
1.6894736842105265,1.2263157894736842,4.6875,3.8927397339737233,16.60154419619782,0.42218098958333333,120.0,1,3.4917189941734232,0.3496178918974633,13.778190104166667
1.9210526315789476,1.2263157894736842,4.0625,3.4808419232972923,13.737775682839079,0.42332031249999996,120.0,1,2.8582159527108244,0.3412795848286776,13.766796875
2.1526315789473687,1.2263157894736842,3.4375,3.3141947095554296,11.04082394109281,0.3877864583333333,120.0,1,2.328556075744332,0.3400957512103634,14.122135416666667
2.3842105263157896,1.2263157894736842,3.4375,3.272818140817317,10.93086364046048,0.386328125,120.0,1,2.2635232581478184,0.33997929875749855,14.13671875
2.6157894736842104,1.2263157894736842,3.4375,3.272818140817317,10.930863640460483,0.386328125,120.0,1,2.2635232581478193,0.33997929875749855,14.13671875
2.8473684210526318,1.2263157894736842,3.4375,3.3141947095554296,11.040823941092803,0.3877864583333333,120.0,1,2.328556075744331,0.3400957512103634,14.122135416666667
3.0789473684210527,1.2263157894736842,4.0625,3.4808419232972923,13.737775682839079,0.42332031249999996,120.0,1,2.8582159527108244,0.3412795848286776,13.766796875
3.310526315789474,1.2263157894736842,4.6875,3.8927397339737246,16.60154419619782,0.42218098958333333,120.0,1,3.491718994173424,0.3496178918974633,13.778190104166667
3.542105263157895,1.2263157894736842,5.3125,4.535868119041402,19.756512412284323,0.37941080729166665,120.0,1,4.233721482110738,0.36585185371501683,14.205891927083334
3.773684210526316,1.2263157894736842,6.5625,5.935698958345404,25.89840657015945,0.3074446614583333,85.0,1,5.58323850550745,0.3531307594886354,14.925553385416666
4.0052631578947375,1.2263157894736842,8.4375,8.333551670091119,35.48193710879221,0.268505859375,120.0,1,7.632894160007769,0.43519783514101895,15.31494140625
4.236842105263158,1.2263157894736842,10.3125,11.085774437383906,46.98263239845443,0.24505533854166667,120.0,1,9.909939996183308,0.47473298669221364,15.549446614583333
4.468421052631579,1.2263157894736842,12.8125,14.85576909185316,65.00115006832598,0.2217154947916667,120.0,1,12.972865653188013,0.528732228736818,15.782845052083335
4.7,1.2263157894736842,15.3125,18.888866389258958,89.60386156978473,0.205693359375,120.0,1,16.266935596278678,0.5878104801534475,15.94306640625
0.3,1.4578947368421054,13.4375,16.080330807594184,76.30159127297323,0.21607747395833332,120.0,1,13.951488237482241,0.548643592667048,15.839225260416667
0.531578947368421,1.4578947368421054,10.9375,12.201290848970396,53.63977332016967,0.23860351562499998,120.0,1,10.814228268589405,0.4908905169386425,15.61396484375
0.7631578947368421,1.4578947368421054,8.4375,8.632635562825763,37.11996637962807,0.27069335937499994,120.0,1,7.9173440336163985,0.4378722626022514,15.293066406250002
0.9947368421052631,1.4578947368421054,6.5625,6.148031309079396,26.416167935156892,0.30865885416666666,92.5,1,5.8021349671337505,0.3640118122678516,14.913411458333334
1.2263157894736842,1.4578947368421054,5.3125,4.672243946107691,19.7587365331012,0.36859700520833333,120.0,1,4.397484812320223,0.3683311463282287,14.314029947916667
1.4578947368421054,1.4578947368421054,4.6875,3.9673188743439023,16.330908342345047,0.4179231770833333,120.0,1,3.607970058688802,0.35053848364178847,13.820768229166667
1.6894736842105265,1.4578947368421054,3.4375,3.409061342713375,10.883498494069983,0.39191406249999994,120.0,1,2.5216789578852143,0.3399637117651856,14.080859375000001
1.9210526315789476,1.4578947368421054,3.4375,3.2896813811205403,10.573188609542711,0.39637369791666666,120.0,1,2.3502206450475507,0.33833241414575044,14.036263020833335
2.1526315789473687,1.4578947368421054,2.8125,3.330093154983985,7.963640983258863,0.32214192708333333,120.0,1,1.8780610576251655,0.34431254430878006,14.778580729166666
2.3842105263157896,1.4578947368421054,2.8125,3.3025124736488882,7.87451082210767,0.30011718749999994,120.0,1,1.824252572019455,0.34738193358239344,14.998828125000001
2.6157894736842104,1.4578947368421054,2.8125,3.3025124736488882,7.87451082210767,0.30011718749999994,120.0,1,1.824252572019455,0.34738193358239344,14.998828125000001
2.8473684210526318,1.4578947368421054,2.8125,3.330093154983985,7.963640983258863,0.32214192708333333,120.0,1,1.8780610576251662,0.34431254430878006,14.778580729166666
3.0789473684210527,1.4578947368421054,3.4375,3.2896813811205408,10.573188609542711,0.39637369791666666,120.0,1,2.3502206450475507,0.33833241414575044,14.036263020833335
3.310526315789474,1.4578947368421054,3.4375,3.409061342713375,10.883498494069983,0.39191406249999994,120.0,1,2.5216789578852152,0.3399637117651856,14.080859375000001
3.542105263157895,1.4578947368421054,4.6875,3.9673188743439027,16.33090834234504,0.4179231770833333,120.0,1,3.607970058688802,0.35053848364178847,13.820768229166667
3.773684210526316,1.4578947368421054,5.3125,4.672243946107692,19.7587365331012,0.36859700520833333,120.0,1,4.397484812320224,0.3683311463282287,14.314029947916667
4.0052631578947375,1.4578947368421054,6.5625,6.148031309079396,26.416167935156892,0.30865885416666666,92.5,1,5.802134967133751,0.3640118122678516,14.913411458333334
4.236842105263158,1.4578947368421054,8.4375,8.632635562825763,37.11996637962807,0.27069335937499994,120.0,1,7.917344033616399,0.4378722626022514,15.293066406250002
4.468421052631579,1.4578947368421054,10.9375,12.201290848970398,53.63977332016968,0.23860351562499998,120.0,1,10.814228268589408,0.4908905169386425,15.61396484375
4.7,1.4578947368421054,13.4375,16.080330807594187,76.30159127297324,0.21607747395833332,120.0,1,13.951488237482245,0.5486435926670481,15.839225260416667
0.3,1.6894736842105265,12.1875,14.195679710997645,67.68882020823919,0.2256217447916667,120.0,1,12.386930463582395,0.5222375281989307,15.743782552083335
0.531578947368421,1.6894736842105265,9.6875,10.446388551138087,46.381045151895634,0.2561751302083333,120.0,1,9.37674606116786,0.4650252005198562,15.438248697916668
0.7631578947368421,1.6894736842105265,7.1875,7.069919383246831,30.702683624025738,0.29955729166666667,120.0,1,6.615082220357975,0.4120973650607441,15.004427083333333
0.9947368421052631,1.6894736842105265,5.9375,5.396927874051329,23.019873578689975,0.3512369791666667,53.75,1,5.121318524537926,0.29852578495672916,14.487630208333334
1.2263157894736842,1.6894736842105265,4.6875,4.122427188096274,16.602671831967236,0.40947265625,120.0,1,3.7990957842619273,0.3529660966061836,13.9052734375
1.4578947368421054,1.6894736842105265,3.4375,3.4788645062404497,10.883498494069979,0.3919075520833334,120.0,1,2.6578389973905803,0.3404026699995404,14.080924479166667
1.6894736842105265,1.6894736842105265,3.4375,3.326668378528386,10.42322085999486,0.40126953125,120.0,1,2.4504930533373654,0.3377270306329513,13.9873046875
1.9210526315789476,1.6894736842105265,2.8125,3.3305825162475355,7.7458714046668895,0.33570312500000005,120.0,1,1.9368186845974,0.34213174539071733,14.64296875
2.1526315789473687,1.6894736842105265,4.0625,3.4891643343846903,5.7245639824954,0.24395833333333333,120.0,3,1.6795154541456412,0.46272800565662964,15.560416666666669
2.3842105263157896,1.6894736842105265,4.0625,3.475932045614036,5.591379617919252,0.22813802083333332,120.0,3,1.6218083754562362,0.4649264783768141,15.718619791666667
2.6157894736842104,1.6894736842105265,4.0625,3.475932045614036,5.591379617919252,0.22813802083333332,120.0,3,1.6218083754562362,0.4649264783768141,15.718619791666667
2.8473684210526318,1.6894736842105265,4.0625,3.4891643343846903,5.7245639824954,0.24395833333333333,120.0,3,1.6795154541456412,0.46272800565662964,15.560416666666669
3.0789473684210527,1.6894736842105265,2.8125,3.3305825162475355,7.7458714046668895,0.33570312500000005,120.0,1,1.9368186845974003,0.34213174539071733,14.64296875
3.310526315789474,1.6894736842105265,3.4375,3.326668378528386,10.42322085999486,0.40126953125,120.0,1,2.4504930533373654,0.3377270306329513,13.9873046875
3.542105263157895,1.6894736842105265,3.4375,3.4788645062404493,10.883498494069979,0.3919075520833334,120.0,1,2.6578389973905794,0.3404026699995404,14.080924479166667
3.773684210526316,1.6894736842105265,4.6875,4.122427188096275,16.602671831967236,0.40947265625,120.0,1,3.799095784261928,0.3529660966061836,13.9052734375
4.0052631578947375,1.6894736842105265,5.9375,5.396927874051331,23.01987357868998,0.3512369791666667,53.75,1,5.121318524537927,0.29852578495672916,14.487630208333334
4.236842105263158,1.6894736842105265,7.1875,7.069919383246834,30.702683624025767,0.29955729166666667,120.0,1,6.615082220357976,0.41209736506074424,15.004427083333333
4.468421052631579,1.6894736842105265,9.6875,10.446388551138089,46.38104515189565,0.2561751302083333,120.0,1,9.376746061167863,0.4650252005198562,15.438248697916668
4.7,1.6894736842105265,12.1875,14.195679710997647,67.68882020823919,0.2256217447916667,120.0,1,12.386930463582397,0.5222375281989307,15.743782552083335
0.3,1.9210526315789476,10.9375,12.45375998936147,59.971084810427186,0.23527994791666665,120.0,1,10.979650669843727,0.4973251721070624,15.647200520833334
0.531578947368421,1.9210526315789476,8.4375,8.838374469510622,39.77342543820215,0.2768749999999999,120.0,1,8.08038835059944,0.44005985635424893,15.231250000000001
0.7631578947368421,1.9210526315789476,6.5625,6.303764644037428,27.394584880429633,0.3313671875,110.0,1,5.953381820485997,0.38413025595675865,14.686328125
0.9947368421052631,1.9210526315789476,5.3125,4.779383952023425,19.986356936556966,0.390078125,120.0,1,4.532373346803374,0.3659376919377655,14.09921875
1.2263157894736842,1.9210526315789476,4.0625,3.7537187096365114,13.738168519582594,0.42374023437499997,120.0,1,3.286573876956845,0.3429290387030347,13.762597656250001
1.4578947368421054,1.9210526315789476,3.4375,3.424408501529127,10.573188609542711,0.40166015625,120.0,1,2.620185630776953,0.3383847940369742,13.9833984375
1.6894736842105265,1.9210526315789476,2.8125,3.3752152226965064,7.745871404666886,0.34118489583333333,120.0,1,2.0613443809533756,0.3415895287835866,14.588151041666666
1.9210526315789476,1.9210526315789476,4.0625,3.5162907997065096,5.8163177007473585,0.2681705729166667,120.0,3,1.748126141603324,0.4593294447655233,15.318294270833334
2.1526315789473687,1.9210526315789476,3.4375,3.4946128071937994,4.988334646456295,0.22569661458333332,120.0,3,1.5958742255204768,0.46138092530452324,15.743033854166667
2.3842105263157896,1.9210526315789476,3.4375,3.48379760298265,4.919449165017191,0.21020833333333336,120.0,3,1.546540836694707,0.4635889569496705,15.897916666666667
2.6157894736842104,1.9210526315789476,3.4375,3.48379760298265,4.919449165017191,0.21020833333333336,120.0,3,1.546540836694707,0.4635889569496705,15.897916666666667
2.8473684210526318,1.9210526315789476,3.4375,3.4946128071937994,4.988334646456291,0.22569661458333332,120.0,3,1.5958742255204768,0.46138092530452324,15.743033854166667
3.0789473684210527,1.9210526315789476,4.0625,3.5162907997065096,5.816317700747362,0.2681705729166667,120.0,3,1.748126141603324,0.4593294447655233,15.318294270833334
3.310526315789474,1.9210526315789476,2.8125,3.375215222696507,7.745871404666886,0.34118489583333333,120.0,1,2.0613443809533765,0.3415895287835866,14.588151041666666
3.542105263157895,1.9210526315789476,3.4375,3.424408501529127,10.573188609542708,0.40166015625,120.0,1,2.620185630776953,0.3383847940369742,13.9833984375
3.773684210526316,1.9210526315789476,4.0625,3.753718709636512,13.7381685195826,0.42374023437499997,120.0,1,3.286573876956846,0.3429290387030347,13.762597656250001
4.0052631578947375,1.9210526315789476,5.3125,4.779383952023427,19.98635693655698,0.390078125,120.0,1,4.532373346803379,0.3659376919377656,14.09921875
4.236842105263158,1.9210526315789476,6.5625,6.3037646440374315,27.39458488042964,0.3313671875,110.0,1,5.9533818204859985,0.38413025595675865,14.686328125
4.468421052631579,1.9210526315789476,8.4375,8.838374469510624,39.773425438202175,0.2768749999999999,120.0,1,8.080388350599442,0.44005985635424893,15.231250000000001
4.7,1.9210526315789476,10.9375,12.45375998936147,59.971084810427186,0.23527994791666665,120.0,1,10.979650669843727,0.4973251721070624,15.647200520833334
0.3,2.1526315789473687,10.3125,11.589856008007912,55.997492927793644,0.23861328125,120.0,1,10.27483465905106,0.48505877285153143,15.6138671875
0.531578947368421,2.1526315789473687,7.8125,8.05941984114967,36.395010282296965,0.2968033854166666,120.0,1,7.444375067515358,0.4262463267272064,15.031966145833334
0.7631578947368421,2.1526315789473687,5.9375,5.654046295033849,24.37039291483203,0.35796875,63.75,1,5.384558504413401,0.3125576307674981,14.420312500000001
0.9947368421052631,2.1526315789473687,4.6875,4.307532944988726,17.171603928793175,0.41638346354166667,120.0,1,4.02685540597482,0.3534819968331545,13.836165364583334
1.2263157894736842,2.1526315789473687,3.4375,3.5796533434275384,11.0409039410928,0.40707356770833336,120.0,1,2.8490303610302354,0.33886836654233565,13.929264322916666
1.4578947368421054,2.1526315789473687,2.8125,3.4634049696698312,7.963640983258859,0.35444661458333326,120.0,1,2.241395152841278,0.34030330945432563,14.455533854166667
1.6894736842105265,2.1526315789473687,4.0625,3.5698833545722928,6.115325001010049,0.28837890625,120.0,3,1.8846218383043685,0.4568399932323657,15.1162109375
1.9210526315789476,2.1526315789473687,3.4375,3.525181829650521,4.988334646456298,0.26050130208333333,120.0,3,1.7021713003611363,0.4563520282651796,15.394986979166667
2.1526315789473687,2.1526315789473687,3.4375,3.509081096612725,4.864327809816103,0.21813151041666667,120.0,3,1.5994801243548014,0.46252123315513727,15.818684895833334
2.3842105263157896,2.1526315789473687,2.8125,3.624556182483817,2.9595160640015763,0.2,120.0,3,1.5242190889416363,0.4610417299009365,16.0
2.6157894736842104,2.1526315789473687,2.8125,3.624556182483817,2.9595160640015763,0.2,120.0,3,1.5242190889416363,0.4610417299009365,16.0
2.8473684210526318,2.1526315789473687,3.4375,3.509081096612725,4.8643278098161105,0.21813151041666667,120.0,3,1.599480124354802,0.46252123315513727,15.818684895833334
3.0789473684210527,2.1526315789473687,3.4375,3.5251818296505224,4.988334646456288,0.26050130208333333,120.0,3,1.7021713003611358,0.4563520282651796,15.394986979166667
3.310526315789474,2.1526315789473687,4.0625,3.5698833545722928,6.115325001010053,0.28837890625,120.0,3,1.8846218383043694,0.4568399932323657,15.1162109375
3.542105263157895,2.1526315789473687,2.8125,3.463404969669831,7.963640983258859,0.35444661458333326,120.0,1,2.241395152841278,0.34030330945432563,14.455533854166667
3.773684210526316,2.1526315789473687,3.4375,3.5796533434275384,11.040903941092807,0.40707356770833336,120.0,1,2.849030361030236,0.3388683665423357,13.929264322916666
4.0052631578947375,2.1526315789473687,4.6875,4.3075329449887265,17.171603928793175,0.41638346354166667,120.0,1,4.026855405974822,0.3534819968331545,13.836165364583334
4.236842105263158,2.1526315789473687,5.9375,5.654046295033849,24.37039291483203,0.35796875,63.75,1,5.384558504413401,0.3125576307674981,14.420312500000001
4.468421052631579,2.1526315789473687,7.8125,8.059419841149673,36.39501028229698,0.2968033854166666,120.0,1,7.444375067515361,0.4262463267272065,15.031966145833334
4.7,2.1526315789473687,10.3125,11.589856008007908,55.997492927793616,0.23861328125,120.0,1,10.274834659051058,0.48505877285153143,15.6138671875
0.3,2.3842105263157896,9.6875,10.83621828436802,52.3878644925918,0.242548828125,120.0,1,9.693589638897311,0.47364408992221707,15.57451171875
0.531578947368421,2.3842105263157896,7.8125,8.057576429447868,36.1164342019136,0.2950553385416666,120.0,1,7.438876671849078,0.426305480512263,15.049446614583335
0.7631578947368421,2.3842105263157896,5.9375,5.658538774461389,24.17125049280356,0.3614322916666667,67.5,1,5.395479157082125,0.31661690182451446,14.385677083333334
0.9947368421052631,2.3842105263157896,4.6875,4.316155196009665,17.02047354762903,0.418427734375,120.0,1,4.050068497623896,0.35312557322837307,13.81572265625
1.2263157894736842,2.3842105263157896,3.4375,3.5900476830614076,10.93094364046048,0.419287109375,120.0,1,2.884797733344782,0.33702597068143214,13.80712890625
1.4578947368421054,2.3842105263157896,2.8125,3.4733833292847076,7.874510822107666,0.3732194010416666,120.0,1,2.2849051957927387,0.3374887349508511,14.267805989583334
1.6894736842105265,2.3842105263157896,4.0625,3.586213687167484,6.10736509293686,0.2944205729166667,120.0,3,1.9172214286908849,0.4560307368516162,15.055794270833333
1.9210526315789476,2.3842105263157896,3.4375,3.5463539802076594,4.919449165017198,0.26318359375,120.0,3,1.7352171756146215,0.45603517941956784,15.3681640625
2.1526315789473687,2.3842105263157896,2.8125,3.6547255474596105,3.0164979001389476,0.21569010416666667,120.0,3,1.6134630941808124,0.4589166806888152,15.843098958333334
2.3842105263157896,2.3842105263157896,2.8125,3.6569122278786073,2.8912633505442003,0.1996484375,120.0,3,1.5700345581529802,0.4612505677544153,16.003515625
2.6157894736842104,2.3842105263157896,2.8125,3.656912227878607,2.8912633505442003,0.1996484375,120.0,3,1.5700345581529804,0.4612505677544153,16.003515625
2.8473684210526318,2.3842105263157896,2.8125,3.6547255474596096,3.016497900138951,0.21569010416666667,120.0,3,1.6134630941808126,0.4589166806888152,15.843098958333334
3.0789473684210527,2.3842105263157896,3.4375,3.5463539802076594,4.919449165017198,0.26318359375,120.0,3,1.7352171756146215,0.45603517941956784,15.3681640625
3.310526315789474,2.3842105263157896,4.0625,3.5862136871674837,6.10736509293686,0.2944205729166667,120.0,3,1.9172214286908855,0.4560307368516162,15.055794270833333
3.542105263157895,2.3842105263157896,2.8125,3.4733833292847076,7.874510822107666,0.3732194010416666,120.0,1,2.2849051957927387,0.3374887349508511,14.267805989583334
3.773684210526316,2.3842105263157896,3.4375,3.590047683061408,10.93094364046048,0.419287109375,120.0,1,2.884797733344782,0.33702597068143214,13.80712890625
4.0052631578947375,2.3842105263157896,4.6875,4.3161551960096665,17.020473547629038,0.418427734375,120.0,1,4.050068497623899,0.3531255732283731,13.81572265625
4.236842105263158,2.3842105263157896,5.9375,5.658538774461391,24.17125049280358,0.3614322916666667,67.5,1,5.395479157082127,0.3166169018245145,14.385677083333334
4.468421052631579,2.3842105263157896,7.8125,8.057576429447868,36.1164342019136,0.2950553385416666,120.0,1,7.438876671849078,0.426305480512263,15.049446614583335
4.7,2.3842105263157896,9.6875,10.836218284368018,52.3878644925918,0.242548828125,120.0,1,9.693589638897311,0.47364408992221707,15.57451171875
0.3,2.6157894736842104,9.6875,10.929018376107457,52.387864605142695,0.23939127604166668,120.0,1,9.786032305437152,0.4746999992774251,15.606087239583335
0.531578947368421,2.6157894736842104,7.8125,8.140598745930888,36.11643420397542,0.2841178385416666,120.0,1,7.52525475078855,0.42846703108692297,15.158821614583335
0.7631578947368421,2.6157894736842104,5.9375,5.7306448162262775,24.171250492803566,0.35068684895833335,71.25,1,5.476150218163841,0.32336864936894305,14.493131510416667
0.9947368421052631,2.6157894736842104,4.6875,4.378354496321477,17.02047354762903,0.416708984375,120.0,1,4.127824160000672,0.3537736567728681,13.832910156250001
1.2263157894736842,2.6157894736842104,3.4375,3.6352666304395034,10.930943640460477,0.4270475260416667,120.0,1,2.959127168005317,0.3361456355824759,13.729524739583333
1.4578947368421054,2.6157894736842104,2.8125,3.507403993553754,7.874510822107666,0.3924381510416666,120.0,1,2.3584441786836567,0.3348193859482238,14.075618489583334
1.6894736842105265,2.6157894736842104,4.0625,3.6175788712019816,6.156253827585118,0.3056412760416667,120.0,3,1.9722393823382964,0.45457803798233176,14.943587239583334
1.9210526315789476,2.6157894736842104,3.4375,3.5711315084484325,4.919449165017198,0.27886067708333334,120.0,3,1.8094731291235204,0.45383908413186846,15.211393229166667
2.1526315789473687,2.6157894736842104,2.8125,3.6817603361317395,3.040946826785941,0.22673177083333332,120.0,3,1.6864784351949338,0.45744686676053237,15.732682291666666
2.3842105263157896,2.6157894736842104,2.8125,3.683282840950043,2.91907594260271,0.20921874999999998,120.0,3,1.6438836941472355,0.4599996016702551,15.9078125
2.6157894736842104,2.6157894736842104,2.8125,3.683282840950043,2.91907594260271,0.20921874999999998,120.0,3,1.6438836941472357,0.4599996016702551,15.9078125
2.8473684210526318,2.6157894736842104,2.8125,3.6817603361317386,3.040946826785941,0.22673177083333332,120.0,3,1.6864784351949345,0.45744686676053237,15.732682291666666
3.0789473684210527,2.6157894736842104,3.4375,3.571131508448433,4.919449165017198,0.27886067708333334,120.0,3,1.8094731291235204,0.45383908413186846,15.211393229166667
3.310526315789474,2.6157894736842104,4.0625,3.6175788712019825,6.1562538275851075,0.3056412760416667,120.0,3,1.9722393823382958,0.45457803798233176,14.943587239583334
3.542105263157895,2.6157894736842104,2.8125,3.507403993553754,7.874510822107666,0.3924381510416666,120.0,1,2.3584441786836567,0.3348193859482238,14.075618489583334
3.773684210526316,2.6157894736842104,3.4375,3.6352666304395043,10.930943640460477,0.4270475260416667,120.0,1,2.959127168005317,0.3361456355824759,13.729524739583333
4.0052631578947375,2.6157894736842104,4.6875,4.378354496321478,17.020473547629038,0.416708984375,120.0,1,4.127824160000673,0.3537736567728681,13.832910156250001
4.236842105263158,2.6157894736842104,5.9375,5.730644816226277,24.171250492803566,0.35068684895833335,71.25,1,5.476150218163841,0.32336864936894305,14.493131510416667
4.468421052631579,2.6157894736842104,7.8125,8.140598745930888,36.11643420397542,0.2841178385416666,120.0,1,7.52525475078855,0.42846703108692297,15.158821614583335
4.7,2.6157894736842104,9.6875,10.929018376107457,52.387864605142695,0.23939127604166668,120.0,1,9.78603230543715,0.4746999992774251,15.606087239583335
0.3,2.8473684210526318,10.3125,11.884038310154068,55.997669517410515,0.234345703125,120.0,1,10.563488638839214,0.4875448850672638,15.65654296875
0.531578947368421,2.8473684210526318,7.8125,8.312241877200032,36.39502108470169,0.26770507812500005,120.0,1,7.706399437293966,0.43219741834953784,15.322949218749999
0.7631578947368421,2.8473684210526318,5.9375,5.872360712077555,24.370393042832035,0.3232356770833333,73.75,1,5.627737834030495,0.3316374109893533,14.767643229166667
0.9947368421052631,2.8473684210526318,4.6875,4.494977644148581,17.171603928793175,0.4055110677083333,120.0,1,4.260057334291242,0.35628898259799224,13.944889322916667
1.2263157894736842,2.8473684210526318,3.4375,3.715539675328219,11.040903941092804,0.4284147135416666,120.0,1,3.0709948841788344,0.3365198168096687,13.715852864583335
1.4578947368421054,2.8473684210526318,2.8125,3.5655080100429086,7.963640983258859,0.40334309895833337,120.0,1,2.4605281711513953,0.33360948484415903,13.966569010416666
1.6894736842105265,2.8473684210526318,4.0625,3.657875932108716,6.342555074973173,0.342783203125,120.0,3,2.0969310523552003,0.4493876529641895,14.572167968750001
1.9210526315789476,2.8473684210526318,3.4375,3.606596911824152,4.988334646456295,0.31259440104166664,120.0,3,1.9135551675532614,0.44904890436334155,14.874055989583333
2.1526315789473687,2.8473684210526318,3.4375,3.5855530173372236,4.864327809816103,0.2640559895833333,120.0,3,1.8179351838903104,0.4561123862335704,15.359440104166667
2.3842105263157896,2.8473684210526318,2.8125,3.7054303409221885,3.050918583843412,0.2352799479166667,120.0,3,1.7457458208664767,0.45632001258083277,15.647200520833334
2.6157894736842104,2.8473684210526318,2.8125,3.7054303409221885,3.0509185838434156,0.2352799479166667,120.0,3,1.7457458208664767,0.45632001258083277,15.647200520833334
2.8473684210526318,2.8473684210526318,3.4375,3.5855530173372236,4.8643278098161105,0.2640559895833333,120.0,3,1.8179351838903104,0.4561123862335704,15.359440104166667
3.0789473684210527,2.8473684210526318,3.4375,3.606596911824152,4.988334646456295,0.31259440104166664,120.0,3,1.9135551675532614,0.44904890436334155,14.874055989583333
3.310526315789474,2.8473684210526318,4.0625,3.6578759321087166,6.342555074973173,0.342783203125,120.0,3,2.0969310523552003,0.4493876529641895,14.572167968750001
3.542105263157895,2.8473684210526318,2.8125,3.5655080100429086,7.963640983258863,0.40334309895833337,120.0,1,2.4605281711513953,0.33360948484415903,13.966569010416666
3.773684210526316,2.8473684210526318,3.4375,3.715539675328219,11.040903941092804,0.4284147135416666,120.0,1,3.0709948841788344,0.3365198168096687,13.715852864583335
4.0052631578947375,2.8473684210526318,4.6875,4.494977644148582,17.171603928793175,0.4055110677083333,120.0,1,4.260057334291242,0.35628898259799224,13.944889322916667
4.236842105263158,2.8473684210526318,5.9375,5.872360712077555,24.370393042832035,0.3232356770833333,73.75,1,5.627737834030495,0.3316374109893533,14.767643229166667
4.468421052631579,2.8473684210526318,7.8125,8.312241877200034,36.395021084701696,0.26770507812500005,120.0,1,7.706399437293967,0.43219741834953784,15.322949218749999
4.7,2.8473684210526318,10.3125,11.884038310154068,55.997669517410515,0.234345703125,120.0,1,10.563488638839214,0.4875448850672638,15.65654296875
0.3,3.0789473684210527,10.9375,12.980647858841296,59.97248306316564,0.22096028645833332,120.0,1,11.488743462457741,0.5027800533895398,15.790397135416667
0.531578947368421,3.0789473684210527,8.4375,9.29125521257755,39.77362126770892,0.24841145833333333,120.0,1,8.539445243423936,0.4471711336095231,15.515885416666666
0.7631578947368421,3.0789473684210527,6.5625,6.698122014681104,27.394600630855116,0.2859830729166667,120.0,1,6.376840369665361,0.40591228902310417,15.140169270833333
0.9947368421052631,3.0789473684210527,5.3125,5.128019638982621,19.986357576556976,0.349609375,120.0,1,4.936775326281664,0.3741955280976537,14.50390625
1.2263157894736842,3.0789473684210527,4.0625,4.032002847726543,13.7381685195826,0.4330436197916666,120.0,1,3.6728552973566826,0.3432796315812873,13.669563802083335
1.4578947368421054,3.0789473684210527,3.4375,3.652912374647124,10.573188609542711,0.44219075520833334,120.0,1,3.0049770970698204,0.3337389573831452,13.578092447916667
1.6894736842105265,3.0789473684210527,2.8125,3.5446133646046687,7.7458714046668895,0.4161881510416667,120.0,1,2.4405123517446987,0.3314019333234228,13.838118489583334
1.9210526315789476,3.0789473684210527,4.0625,3.665595879726008,6.199906250268199,0.3523860677083333,120.0,3,2.0809116683611735,0.44789760879644624,14.476139322916667
2.1526315789473687,3.0789473684210527,3.4375,3.6262240282661913,4.988334646456295,0.31853841145833334,120.0,3,1.9621263085157759,0.44828045362723123,14.814615885416668
2.3842105263157896,3.0789473684210527,3.4375,3.6163277222184114,4.919449165017198,0.29317708333333337,120.0,3,1.9092871247572558,0.4519752079528272,15.068229166666667
2.6157894736842104,3.0789473684210527,3.4375,3.6163277222184114,4.919449165017198,0.29317708333333337,120.0,3,1.9092871247572558,0.4519752079528272,15.068229166666667
2.8473684210526318,3.0789473684210527,3.4375,3.6262240282661913,4.988334646456298,0.31853841145833334,120.0,3,1.9621263085157759,0.44828045362723123,14.814615885416668
3.0789473684210527,3.0789473684210527,4.0625,3.665595879726008,6.199906250268199,0.3523860677083333,120.0,3,2.0809116683611735,0.44789760879644624,14.476139322916667
3.310526315789474,3.0789473684210527,2.8125,3.544613364604669,7.7458714046668895,0.4161881510416667,120.0,1,2.440512351744699,0.3314019333234228,13.838118489583334
3.542105263157895,3.0789473684210527,3.4375,3.652912374647124,10.573188609542711,0.44219075520833334,120.0,1,3.0049770970698204,0.3337389573831452,13.578092447916667
3.773684210526316,3.0789473684210527,4.0625,4.032002847726543,13.7381685195826,0.4330436197916666,120.0,1,3.672855297356683,0.3432796315812873,13.669563802083335
4.0052631578947375,3.0789473684210527,5.3125,5.128019638982622,19.986357576556983,0.349609375,120.0,1,4.936775326281666,0.3741955280976538,14.50390625
4.236842105263158,3.0789473684210527,6.5625,6.698122014681103,27.394600630855116,0.2859830729166667,120.0,1,6.37684036966536,0.40591228902310417,15.140169270833333
4.468421052631579,3.0789473684210527,8.4375,9.291255212577553,39.77362126770895,0.24841145833333333,120.0,1,8.539445243423938,0.4471711336095231,15.515885416666666
4.7,3.0789473684210527,10.9375,12.9806478588413,59.972483063165654,0.22096028645833332,120.0,1,11.488743462457743,0.5027800533895399,15.790397135416667
0.3,3.310526315789474,12.1875,15.024878817299873,67.69941179913748,0.21019205729166668,120.0,1,13.16947888706586,0.5297620919889273,15.898079427083333
0.531578947368421,3.310526315789474,9.6875,11.16251515814805,46.383911511741275,0.22974609375000002,120.0,1,10.079289597844399,0.47348488032284763,15.702539062500001
0.7631578947368421,3.310526315789474,7.1875,7.669250066739336,30.703048228269672,0.2617057291666666,120.0,1,7.239082093476438,0.42153586521751063,15.382942708333333
0.9947368421052631,3.310526315789474,5.9375,5.933113940943719,23.01993997934389,0.29684244791666664,73.75,1,5.712190522836564,0.3350493229929179,15.031575520833334
1.2263157894736842,3.310526315789474,4.6875,4.574803823837909,16.602675031967237,0.39618164062499994,120.0,1,4.360714185724638,0.35779819951231745,14.038183593750002
1.4578947368421054,3.310526315789474,3.4375,3.798749190849009,10.883498494069983,0.43254231770833323,120.0,1,3.187558985911043,0.3363145795021141,13.674576822916668
1.6894736842105265,3.310526315789474,3.4375,3.647649704511675,10.42322085999486,0.4515266927083334,120.0,1,3.005851800235685,0.33220246166388884,13.484733072916667
1.9210526315789476,3.310526315789474,2.8125,3.565916841206244,7.7458714046668895,0.4189811197916667,120.0,1,2.4799667498398756,0.33111665720049555,13.810188802083333
2.1526315789473687,3.310526315789474,4.0625,3.699363724398602,6.376407073253297,0.3505240885416666,120.0,3,2.1646109985909505,0.4485101054038063,14.494759114583335
2.3842105263157896,3.310526315789474,4.0625,3.680818223541392,6.253406072688712,0.32696940104166666,120.0,3,2.1155443843749726,0.4518423963010677,14.730305989583334
2.6157894736842104,3.310526315789474,4.0625,3.680818223541392,6.253406072688712,0.32696940104166666,120.0,3,2.1155443843749726,0.4518423963010677,14.730305989583334
2.8473684210526318,3.310526315789474,4.0625,3.699363724398602,6.376407073253297,0.3505240885416666,120.0,3,2.1646109985909505,0.4485101054038063,14.494759114583335
3.0789473684210527,3.310526315789474,2.8125,3.565916841206244,7.745871404666893,0.4189811197916667,120.0,1,2.4799667498398765,0.33111665720049555,13.810188802083333
3.310526315789474,3.310526315789474,3.4375,3.6476497045116756,10.42322085999486,0.4515266927083334,120.0,1,3.005851800235685,0.33220246166388884,13.484733072916667
3.542105263157895,3.310526315789474,3.4375,3.7987491908490085,10.883498494069979,0.43254231770833323,120.0,1,3.1875589859110423,0.3363145795021141,13.674576822916668
3.773684210526316,3.310526315789474,4.6875,4.574803823837911,16.602675031967244,0.39618164062499994,120.0,1,4.360714185724641,0.3577981995123175,14.038183593750002
4.0052631578947375,3.310526315789474,5.9375,5.933113940943721,23.019939979343903,0.29684244791666664,73.75,1,5.712190522836566,0.3350493229929179,15.031575520833334
4.236842105263158,3.310526315789474,7.1875,7.6692500667393375,30.70304822826968,0.2617057291666666,120.0,1,7.23908209347644,0.42153586521751063,15.382942708333333
4.468421052631579,3.310526315789474,9.6875,11.162515158148047,46.38391151174126,0.22974609375000002,120.0,1,10.079289597844395,0.4734848803228475,15.702539062500001
4.7,3.310526315789474,12.1875,15.024878817299875,67.6994117991375,0.21019205729166668,120.0,1,13.16947888706586,0.5297620919889274,15.898079427083333
0.3,3.542105263157895,13.4375,17.283963518595304,76.35854806169985,0.1989453125,120.0,1,15.066046477922695,0.558804790800019,16.010546875
0.531578947368421,3.542105263157895,10.9375,13.243198973667015,53.661711294651624,0.21608072916666668,120.0,1,11.810062607608252,0.5008214927966249,15.839192708333334
0.7631578947368421,3.542105263157895,8.4375,9.512715306751387,37.12590733747537,0.23918619791666668,120.0,1,8.79714538384985,0.44812450256526204,15.608138020833334
0.9947368421052631,3.542105263157895,6.5625,6.899814699652526,26.417492092893696,0.2724739583333333,120.0,1,6.59927258830031,0.40853254027150987,15.275260416666667
1.2263157894736842,3.542105263157895,5.3125,5.324042679141319,19.75901283441764,0.3156705729166667,10.0,1,5.148059982036271,0.24286002832779613,14.843294270833333
1.4578947368421054,3.542105263157895,4.6875,4.559018476757399,16.330995943117607,0.402373046875,120.0,1,4.349353723363421,0.35658369714254834,13.97626953125
1.6894736842105265,3.542105263157895,3.4375,3.819876827289221,10.883498494069979,0.43760742187499996,120.0,1,3.217571913677625,0.3356873797532557,13.623925781250001
1.9210526315789476,3.542105263157895,3.4375,3.7007187543305937,10.573188609542711,0.45724283854166664,120.0,1,3.07534208129343,0.33178110719203063,13.427571614583334
2.1526315789473687,3.542105263157895,2.8125,3.6294861506432095,7.963640983258863,0.42336263020833337,120.0,1,2.578183489335322,0.33100798757843475,13.766373697916666
2.3842105263157896,3.542105263157895,2.8125,3.601057710618003,7.87451082210767,0.4315234375,120.0,1,2.5379614388320335,0.32954422553797963,13.684765625
2.6157894736842104,3.542105263157895,2.8125,3.601057710618003,7.87451082210767,0.4315234375,120.0,1,2.5379614388320335,0.32954422553797963,13.684765625
2.8473684210526318,3.542105263157895,2.8125,3.6294861506432095,7.963640983258863,0.42336263020833337,120.0,1,2.578183489335322,0.33100798757843475,13.766373697916666
3.0789473684210527,3.542105263157895,3.4375,3.7007187543305937,10.573188609542711,0.45724283854166664,120.0,1,3.07534208129343,0.33178110719203063,13.427571614583334
3.310526315789474,3.542105263157895,3.4375,3.819876827289221,10.883498494069979,0.43760742187499996,120.0,1,3.217571913677625,0.3356873797532557,13.623925781250001
3.542105263157895,3.542105263157895,4.6875,4.559018476757399,16.330995943117607,0.402373046875,120.0,1,4.349353723363421,0.35658369714254834,13.97626953125
3.773684210526316,3.542105263157895,5.3125,5.324042679141319,19.759012834417646,0.3156705729166667,10.0,1,5.148059982036271,0.24286002832779613,14.843294270833333
4.0052631578947375,3.542105263157895,6.5625,6.89981469965253,26.417492092893703,0.2724739583333333,120.0,1,6.5992725883003125,0.40853254027150987,15.275260416666667
4.236842105263158,3.542105263157895,8.4375,9.512715306751387,37.12590733747537,0.23918619791666668,120.0,1,8.79714538384985,0.44812450256526204,15.608138020833334
4.468421052631579,3.542105263157895,10.9375,13.243198973667017,53.66171129465164,0.21608072916666668,120.0,1,11.810062607608254,0.500821492796625,15.839192708333334
4.7,3.542105263157895,13.4375,17.283963518595304,76.35854806169985,0.1989453125,120.0,1,15.066046477922695,0.558804790800019,16.010546875
0.3,3.773684210526316,15.3125,20.595311189436188,89.88724313057864,0.18823567708333336,120.0,1,17.81337795610408,0.6013310523896384,16.117643229166667
0.531578947368421,3.773684210526316,12.8125,16.343624743506552,65.14130887907405,0.20314453125,120.0,1,14.355339425813685,0.5409498021697179,15.968554687500001
0.7631578947368421,3.773684210526316,10.3125,12.358349822592107,47.04166093722465,0.22203776041666667,120.0,1,11.132159563974012,0.48621100390833105,15.779622395833334
0.9947368421052631,3.773684210526316,8.4375,9.443859035023516,35.50746385224065,0.24389322916666664,120.0,1,8.738617210907078,0.44587392711828644,15.561067708333333
1.2263157894736842,3.773684210526316,6.5625,6.876872472235237,25.906335950203825,0.2790494791666667,120.0,1,6.58106156916827,0.4070509037388367,15.209505208333333
1.4578947368421054,3.773684210526316,5.3125,5.344150923505568,19.759012834417653,0.3205859374999999,10.0,1,5.170264753863294,0.24224889331570496,14.794140625
1.6894736842105265,3.773684210526316,4.6875,4.6199859570428705,16.602675031967237,0.408203125,120.0,1,4.4133167774240265,0.3562784732656735,13.91796875
1.9210526315789476,3.773684210526316,4.0625,4.104499532477844,13.7381685195826,0.4587434895833333,120.0,1,3.765106314141225,0.3398795333497727,13.412565104166667
2.1526315789473687,3.773684210526316,3.4375,3.8113081353306604,11.0409039410928,0.46169270833333337,120.0,1,3.2115852867670442,0.3321290191561688,13.383072916666666
2.3842105263157896,3.773684210526316,3.4375,3.7695917694531915,10.93094364046048,0.47572265625000004,120.0,1,3.162009718028072,0.329687192450269,13.2427734375
2.6157894736842104,3.773684210526316,3.4375,3.769591769453192,10.930943640460477,0.47572265625000004,120.0,1,3.162009718028072,0.329687192450269,13.2427734375
2.8473684210526318,3.773684210526316,3.4375,3.8113081353306604,11.0409039410928,0.46169270833333337,120.0,1,3.2115852867670442,0.3321290191561688,13.383072916666666
3.0789473684210527,3.773684210526316,4.0625,4.104499532477844,13.7381685195826,0.4587434895833333,120.0,1,3.7651063141412253,0.3398795333497727,13.412565104166667
3.310526315789474,3.773684210526316,4.6875,4.6199859570428705,16.602675031967237,0.408203125,120.0,1,4.4133167774240265,0.3562784732656735,13.91796875
3.542105263157895,3.773684210526316,5.3125,5.344150923505568,19.759012834417653,0.3205859374999999,10.0,1,5.170264753863294,0.24224889331570496,14.794140625
3.773684210526316,3.773684210526316,6.5625,6.876872472235239,25.906335950203832,0.2790494791666667,120.0,1,6.581061569168272,0.4070509037388367,15.209505208333333
4.0052631578947375,3.773684210526316,8.4375,9.443859035023518,35.50746385224066,0.24389322916666664,120.0,1,8.73861721090708,0.44587392711828644,15.561067708333333
4.236842105263158,3.773684210526316,10.3125,12.35834982259211,47.04166093722466,0.22203776041666667,120.0,1,11.132159563974012,0.48621100390833116,15.779622395833334
4.468421052631579,3.773684210526316,12.8125,16.343624743506556,65.14130887907407,0.20314453125,120.0,1,14.355339425813687,0.5409498021697179,15.968554687500001
4.7,3.773684210526316,15.3125,20.595311189436188,89.88724313057864,0.18823567708333336,120.0,1,17.813377956104077,0.6013310523896384,16.117643229166667
0.3,4.0052631578947375,17.8125,25.009767079196898,109.89857941110199,0.17802083333333332,120.0,1,21.45811195564063,0.6587750494878027,16.219791666666666
0.531578947368421,4.0052631578947375,14.6875,19.708323207099795,79.02673498715943,0.1927994791666667,120.0,1,17.15418981072204,0.5840013357385029,16.072005208333334
0.7631578947368421,4.0052631578947375,12.1875,15.486248295143179,58.61446360162584,0.21002278645833333,120.0,1,13.708908413771683,0.526437574841384,15.899772135416669
0.9947368421052631,4.0052631578947375,9.6875,11.563062558227099,43.26027454709419,0.232177734375,120.0,1,10.524475343808946,0.4734862634249193,15.67822265625
1.2263157894736842,4.0052631578947375,8.4375,9.459034187303745,35.50746385224065,0.251103515625,120.0,1,8.753871245583387,0.44488760101694624,15.48896484375
1.4578947368421054,4.0052631578947375,6.5625,6.935378978943109,26.417492092893703,0.2844108072916666,120.0,1,6.636721767812777,0.4069651618756719,15.155891927083333
1.6894736842105265,4.0052631578947375,5.9375,5.995563978146389,23.019939979343903,0.31935221354166665,76.25,1,5.779711921164703,0.33518970244847124,14.806477864583334
1.9210526315789476,4.0052631578947375,5.3125,5.223580487149498,19.986357576556976,0.3782649739583333,12.5,1,5.0441557819539,0.23612178715356905,14.217350260416667
2.1526315789473687,4.0052631578947375,4.6875,4.62740448145618,17.171603928793175,0.44189453125,120.0,1,4.4177393227539845,0.35166237852489235,13.5810546875
2.3842105263157896,4.0052631578947375,4.6875,4.562004988440974,17.020473547629038,0.45510416666666664,120.0,1,4.349481686674364,0.3491666989732639,13.448958333333334
2.6157894736842104,4.0052631578947375,4.6875,4.562004988440974,17.020473547629038,0.45510416666666664,120.0,1,4.349481686674365,0.3491666989732639,13.448958333333334
2.8473684210526318,4.0052631578947375,4.6875,4.627404481456181,17.171603928793182,0.44189453125,120.0,1,4.417739322753986,0.35166237852489235,13.5810546875
3.0789473684210527,4.0052631578947375,5.3125,5.223580487149498,19.986357576556976,0.3782649739583333,12.5,1,5.0441557819539,0.23612178715356905,14.217350260416667
3.310526315789474,4.0052631578947375,5.9375,5.995563978146391,23.019939979343903,0.31935221354166665,76.25,1,5.779711921164703,0.33518970244847124,14.806477864583334
3.542105263157895,4.0052631578947375,6.5625,6.935378978943106,26.417492092893703,0.2844108072916666,120.0,1,6.636721767812774,0.4069651618756719,15.155891927083333
3.773684210526316,4.0052631578947375,8.4375,9.459034187303747,35.50746385224066,0.251103515625,120.0,1,8.753871245583388,0.44488760101694624,15.48896484375
4.0052631578947375,4.0052631578947375,9.6875,11.563062558227102,43.260274547094205,0.232177734375,120.0,1,10.524475343808948,0.4734862634249193,15.67822265625
4.236842105263158,4.0052631578947375,12.1875,15.486248295143184,58.614463601625886,0.21002278645833333,120.0,1,13.708908413771686,0.5264375748413841,15.899772135416669
4.468421052631579,4.0052631578947375,14.6875,19.708323207099795,79.02673498715946,0.1927994791666667,120.0,1,17.15418981072204,0.5840013357385029,16.072005208333334
4.7,4.0052631578947375,17.8125,25.009767079196898,109.89857941110199,0.17802083333333332,120.0,1,21.45811195564063,0.6587750494878027,16.219791666666666
0.3,4.236842105263158,20.3125,29.709601453918797,136.2341276602182,0.169638671875,120.0,1,25.381759957428716,0.7220818747029327,16.30361328125
0.531578947368421,4.236842105263158,17.1875,24.165783065131883,100.34802066239041,0.182587890625,120.0,1,20.8364627109981,0.6426151027411444,16.17412109375
0.7631578947368421,4.236842105263158,14.6875,19.695285645723054,76.18815094707101,0.196806640625,120.0,1,17.149338258824642,0.5813672804161666,16.03193359375
0.9947368421052631,4.236842105263158,12.1875,15.497073577053623,58.614463602088065,0.21460611979166666,120.0,1,13.718965598616288,0.5258179983401489,15.853938802083334
1.2263157894736842,4.236842105263158,10.3125,12.384278599970845,47.041660937312926,0.23265299479166668,120.0,1,11.157216069930795,0.48478140950556414,15.673470052083333
1.4578947368421054,4.236842105263158,8.4375,9.55917376846715,37.125907337475375,0.25673502604166665,120.0,1,8.84399282942843,0.44578368311085104,15.432649739583333
1.6894736842105265,4.236842105263158,7.1875,7.742770866544658,30.703048228269672,0.28554361979166665,120.0,1,7.315738878226978,0.4184214896961712,15.144563802083333
1.9210526315789476,4.236842105263158,6.5625,6.806743863003388,27.39460063085511,0.3092350260416667,120.0,1,6.492842261325448,0.4031060465217581,14.907649739583334
2.1526315789473687,4.236842105263158,5.9375,6.023928807283864,24.370393042832035,0.353818359375,81.25,1,5.79449081517628,0.337376026398725,14.461816406250001
2.3842105263157896,4.236842105263158,5.9375,5.939715228735538,24.171250492803566,0.3745052083333333,80.0,1,5.707686431507023,0.3320452129245286,14.254947916666667
2.6157894736842104,4.236842105263158,5.9375,5.939715228735539,24.171250492803573,0.3745052083333333,80.0,1,5.707686431507025,0.3320452129245286,14.254947916666667
2.8473684210526318,4.236842105263158,5.9375,6.023928807283864,24.370393042832028,0.353818359375,81.25,1,5.794490815176281,0.33737602639872494,14.461816406250001
3.0789473684210527,4.236842105263158,6.5625,6.806743863003389,27.394600630855116,0.3092350260416667,120.0,1,6.49284226132545,0.4031060465217581,14.907649739583334
3.310526315789474,4.236842105263158,7.1875,7.74277086654466,30.703048228269694,0.28554361979166665,120.0,1,7.31573887822698,0.4184214896961712,15.144563802083333
3.542105263157895,4.236842105263158,8.4375,9.559173768467154,37.125907337475375,0.25673502604166665,120.0,1,8.843992829428432,0.44578368311085104,15.432649739583333
3.773684210526316,4.236842105263158,10.3125,12.384278599970845,47.041660937312926,0.23265299479166668,120.0,1,11.157216069930795,0.48478140950556414,15.673470052083333
4.0052631578947375,4.236842105263158,12.1875,15.497073577053623,58.614463602088065,0.21460611979166666,120.0,1,13.718965598616288,0.5258179983401489,15.853938802083334
4.236842105263158,4.236842105263158,14.6875,19.695285645723054,76.18815094707104,0.196806640625,120.0,1,17.149338258824642,0.5813672804161666,16.03193359375
4.468421052631579,4.236842105263158,17.1875,24.165783065131883,100.34802066239044,0.182587890625,120.0,1,20.836462710998102,0.6426151027411444,16.17412109375
4.7,4.236842105263158,20.3125,29.7096014539188,136.23412766021826,0.169638671875,120.0,1,25.381759957428724,0.7220818747029328,16.30361328125
0.3,4.468421052631579,22.8125,34.667874671752834,172.73181960160466,0.16216471354166667,120.0,1,29.55268086982688,0.7938592714041488,16.378352864583334
0.531578947368421,4.468421052631579,19.6875,28.884952354094978,130.3814655485325,0.17388997395833333,120.0,1,24.769757955149753,0.7086324567162561,16.26110026041667
0.7631578947368421,4.468421052631579,17.1875,24.17342480968462,100.34802072681771,0.18624674479166667,120.0,1,20.842900401806823,0.6421142229751767,16.137532552083336
0.9947368421052631,4.468421052631579,14.6875,19.726752727561106,79.02673501557267,0.200009765625,120.0,1,17.17044731694841,0.583035429270143,15.999902343750001
1.2263157894736842,4.468421052631579,12.8125,16.377091761660186,65.14130889816232,0.214619140625,120.0,1,14.385967068652105,0.5394386004077497,15.853808593750001
1.4578947368421054,4.468421052631579,10.9375,13.297231009585673,53.661711303569945,0.231025390625,120.0,1,11.861616390576899,0.49891881892654855,15.689746093750001
1.6894736842105265,4.468421052631579,9.6875,11.24427532417132,46.38391152189057,0.24513997395833337,120.0,1,10.159738494398187,0.47168880447761496,15.548600260416666
1.9210526315789476,4.468421052631579,8.4375,9.409066946540003,39.7736212769026,0.2649772135416667,120.0,1,8.659381065622721,0.44542548296619455,15.350227864583333
2.1526315789473687,4.468421052631579,7.8125,8.47717282432448,36.395021127613795,0.28137044270833333,120.0,1,7.877756072506437,0.431182476988728,15.186295572916666
2.3842105263157896,4.468421052631579,7.8125,8.369311080594867,36.11643505821911,0.2843815104166667,120.0,1,7.763557620010742,0.42986254207989494,15.156184895833334
2.6157894736842104,4.468421052631579,7.8125,8.369311080594866,36.11643505821911,0.2843815104166667,120.0,1,7.763557620010742,0.4298625420798948,15.156184895833334
2.8473684210526318,4.468421052631579,7.8125,8.47717282432448,36.395021127613795,0.28137044270833333,120.0,1,7.877756072506438,0.431182476988728,15.186295572916666
3.0789473684210527,4.468421052631579,8.4375,9.409066946540007,39.77362127690262,0.2649772135416667,120.0,1,8.659381065622723,0.44542548296619455,15.350227864583333
3.310526315789474,4.468421052631579,9.6875,11.24427532417132,46.38391152189057,0.24513997395833337,120.0,1,10.159738494398187,0.47168880447761496,15.548600260416666
3.542105263157895,4.468421052631579,10.9375,13.297231009585676,53.661711303569945,0.231025390625,120.0,1,11.861616390576902,0.49891881892654855,15.689746093750001
3.773684210526316,4.468421052631579,12.8125,16.37709176166019,65.14130889816232,0.214619140625,120.0,1,14.385967068652112,0.5394386004077497,15.853808593750001
4.0052631578947375,4.468421052631579,14.6875,19.72675272756111,79.02673501557268,0.200009765625,120.0,1,17.17044731694841,0.583035429270143,15.999902343750001
4.236842105263158,4.468421052631579,17.1875,24.173424809684615,100.34802072681771,0.18624674479166667,120.0,1,20.842900401806823,0.6421142229751767,16.137532552083336
4.468421052631579,4.468421052631579,19.6875,28.884952354094974,130.3814655485325,0.17388997395833333,120.0,1,24.76975795514975,0.7086324567162561,16.26110026041667
4.7,4.468421052631579,22.8125,34.667874671752834,172.73181960160468,0.16216471354166667,120.0,1,29.552680869826887,0.7938592714041488,16.378352864583334
0.3,4.7,25.3125,39.84365557551018,218.22094696568035,0.1548209635416667,120.0,1,33.925004585514415,0.8731623976374246,16.451790364583335
0.531578947368421,4.7,22.8125,34.67322106290684,172.7318197765226,0.16499674479166668,120.0,1,29.55679378892336,0.7934680129000945,16.350032552083334
0.7631578947368421,4.7,20.3125,29.72256005465845,136.23412783501178,0.17536132812500002,120.0,1,25.392067887438035,0.7213047854456597,16.24638671875
0.9947368421052631,4.7,17.8125,25.033476538886084,109.89858007122601,0.18623372395833332,120.0,1,21.477722069967907,0.6576918819376272,16.137662760416667
1.2263157894736842,4.7,15.3125,20.634010437757578,89.88724353659502,0.199130859375,120.0,1,17.846907557560556,0.5999395947134217,16.00869140625
1.4578947368421054,4.7,13.4375,17.34331478133615,76.35854843618839,0.21058268229166668,120.0,1,15.119497406686293,0.557431586551168,15.894173177083335
1.6894736842105265,4.7,12.1875,15.112494834429338,67.69941244589566,0.219931640625,120.0,1,13.250698068672838,0.5288509037947864,15.80068359375
1.9210526315789476,4.7,10.9375,13.106026266134824,59.97248414984492,0.2279361979166667,120.0,1,11.60887524887039,0.5025203573278636,15.720638020833333
2.1526315789473687,4.7,10.3125,12.06056428566658,55.99767358184852,0.2319401041666667,120.0,1,10.735858998149437,0.4890133442937208,15.680598958333334
2.3842105263157896,4.7,9.6875,11.17249184131571,52.387879571831405,0.23335937499999998,120.0,1,10.028160200176853,0.4771324749862754,15.66640625
2.6157894736842104,4.7,9.6875,11.17249184131571,52.387879571831405,0.23335937499999998,120.0,1,10.02816020017685,0.4771324749862754,15.66640625
2.8473684210526318,4.7,10.3125,12.060564285666581,55.997673581848545,0.2319401041666667,120.0,1,10.73585899814944,0.4890133442937208,15.680598958333334
3.0789473684210527,4.7,10.9375,13.10602626613482,59.9724841498449,0.2279361979166667,120.0,1,11.608875248870389,0.5025203573278636,15.720638020833333
3.310526315789474,4.7,12.1875,15.112494834429338,67.69941244589565,0.219931640625,120.0,1,13.25069806867284,0.5288509037947864,15.80068359375
3.542105263157895,4.7,13.4375,17.343314781336154,76.35854843618839,0.21058268229166668,120.0,1,15.119497406686294,0.557431586551168,15.894173177083335
3.773684210526316,4.7,15.3125,20.634010437757585,89.88724353659505,0.199130859375,120.0,1,17.846907557560566,0.5999395947134218,16.00869140625
4.0052631578947375,4.7,17.8125,25.0334765388861,109.89858007122601,0.18623372395833332,120.0,1,21.47772206996792,0.6576918819376273,16.137662760416667
4.236842105263158,4.7,20.3125,29.72256005465846,136.23412783501183,0.17536132812500002,120.0,1,25.392067887438042,0.7213047854456598,16.24638671875
4.468421052631579,4.7,22.8125,34.673221062906855,172.73181977652266,0.16499674479166668,120.0,1,29.55679378892337,0.7934680129000946,16.350032552083334
4.7,4.7,25.3125,39.843655575510184,218.22094696568038,0.1548209635416667,120.0,1,33.92500458551442,0.8731623976374249,16.451790364583335
