x_h,y_h,J,E,RMSE,DeltaT_max,CR,t_s,N_sw,U_spatial
1.8451505016722414,3.4638795986622055,0.33890317680799975,1.25,3.938316104941254,7.542286698175328,0.3543388429752066,60.0,1,2.6134737487262285
1.8951505016722414,3.063879598662207,0.3392518533790913,1.25,3.825536289032902,7.3051564511818725,0.34538567493112954,60.0,1,2.4407112964303668
1.8951505016722414,3.1138795986622068,0.33935160785552604,1.25,3.835608934370225,7.272861952145309,0.3450413223140496,60.0,1,2.456844863531052
1.8951505016722414,3.4638795986622055,0.3394477517948116,1.25,3.9290940363886038,7.59869844285517,0.3505509641873278,60.0,1,2.5998848344900116
1.8451505016722414,3.4138795986622057,0.33954744085090427,1.25,3.922224035987842,7.455492980328078,0.3488292011019284,60.0,1,2.5895772092885796
1.545150501672241,3.1638795986622066,0.3395885027064685,1.25,3.9287570726049705,7.5153662838448625,0.34917355371900827,60.0,1,2.597033693748401
1.8451505016722414,3.013879598662207,0.33962257967474985,1.25,3.8250162534498187,7.254254806459631,0.34263085399449034,60.0,1,2.439167293555624
1.545150501672241,3.1138795986622068,0.3397097939506598,1.25,3.9176120656209434,7.576790201957145,0.34814049586776863,60.0,1,2.5799770872229155
1.7951505016722413,3.1638795986622066,0.33977721642189623,1.25,3.865189821974262,7.076565064079681,0.34263085399449034,60.0,1,2.5024424084492
1.9451505016722415,3.1138795986622068,0.33977923319581965,1.25,3.8275740696550193,7.300093832123931,0.3419421487603306,60.0,1,2.4445012669138433
1.7951505016722413,3.2138795986622064,0.3398478287458172,1.25,3.8768866033198126,6.990587156936034,0.34228650137741046,60.0,1,2.5206000334489724
1.8451505016722414,3.1138795986622068,0.33989049152166917,1.25,3.8445035864421695,7.21790916808785,0.3415977961432507,60.0,1,2.470445037982481
1.8451505016722414,3.1638795986622066,0.339923446388147,1.25,3.8553649566073047,7.158237992836227,0.3415977961432507,60.0,1,2.4875658317938076
1.8951505016722414,3.4138795986622057,0.33993718327737554,1.25,3.913060623553926,7.511514350814693,0.3460743801652893,60.0,1,2.5759976657984436
1.8451505016722414,3.063879598662207,0.33994535795209924,1.25,3.8343993848326923,7.250059065756066,0.34090909090909094,60.0,1,2.4543270568687565
1.9951505016722415,3.313879598662206,0.33995896775449486,1.25,3.86825975973724,7.2862435781477615,0.3426308539944903,60.0,1,2.5083762125182156
1.8451505016722414,3.363879598662206,0.33997228648033756,1.25,3.9070740356502354,7.342942960679171,0.3446969696969697,60.0,1,2.5668772510331066
1.8951505016722414,3.1638795986622066,0.34005559210756614,1.25,3.8464351134868204,7.212922392412928,0.340564738292011,60.0,1,2.473977899677978
1.9951505016722415,3.1638795986622066,0.3401200826464572,1.25,3.83113226232865,7.2391392342900645,0.33953168044077137,60.0,1,2.450536968734396
1.9451505016722415,3.063879598662207,0.3401446159717536,1.25,3.8175300662726626,7.332459988441833,0.3391873278236915,60.0,1,2.4283525862397437
1.8451505016722414,3.2138795986622064,0.3401482671990166,1.25,3.8670191090723884,7.071678623377132,0.3402203856749312,60.0,1,2.5057319473095068
1.9451505016722415,3.2638795986622062,0.340153884433983,1.25,3.8623481245596567,7.123339781289271,0.3402203856749312,60.0,1,2.499092225410931
1.5951505016722412,3.1138795986622068,0.34015389515022343,1.25,3.902943721699246,7.484971676460862,0.3440082644628099,60.0,1,2.5582958433695144
1.8951505016722414,3.363879598662206,0.34015542617620076,1.25,3.8979652463859398,7.398458112234184,0.34331955922865015,60.0,1,2.553303312099209
1.9451505016722415,3.313879598662206,0.3401675713190908,1.25,3.875600653530621,7.287129012860248,0.3415977961432507,60.0,1,2.519467878246225
1.6451505016722412,3.1138795986622068,0.3401725304635338,1.25,3.8893000019747213,7.367355316803902,0.34263085399449034,60.0,1,2.5380032737042
1.8951505016722414,3.313879598662206,0.34020591435935876,1.25,3.8837838717523443,7.259925836435187,0.3415977961432507,60.0,1,2.5317822972221284
1.9951505016722415,3.363879598662206,0.3402179938503114,1.25,3.8823539057392633,7.425073233939262,0.34228650137741046,60.0,1,2.5298963103512806
1.6451505016722412,3.063879598662207,0.34022656509053084,1.25,3.8790390446091605,7.399898463294157,0.3419421487603306,60.0,1,2.521947830012985
1.9451505016722415,3.2138795986622064,0.34024185162056797,1.25,3.8499482202816813,7.152879656906265,0.3391873278236915,60.0,1,2.4798302226654436
1.7951505016722413,3.1138795986622068,0.34026020733801565,1.25,3.8542899202607366,7.135835398383133,0.3391873278236915,60.0,1,2.485333824475935
1.9451505016722415,3.363879598662206,0.3402719445557143,1.25,3.8897361255364493,7.425968673711111,0.34228650137741046,60.0,1,2.540988028336218
1.8951505016722414,3.2638795986622062,0.3402955039291603,1.25,3.8704890271420105,7.096499227195132,0.33953168044077137,60.0,1,2.5114091085982926
1.7951505016722413,3.013879598662207,0.3403015563505436,1.25,3.834737361971111,7.171936885033663,0.3381542699724518,60.0,1,2.4540913127191315
1.9951505016722415,3.2638795986622062,0.34030713504487253,1.25,3.855045333396201,7.122466149551347,0.3388429752066115,60.0,1,2.4879975930587306
1.7451505016722413,3.013879598662207,0.340317852815584,1.25,3.8453753351909263,7.092498009570367,0.3381542699724518,60.0,1,2.4703333961869265
1.8451505016722414,3.2638795986622062,0.34031930305087055,1.25,3.8795005477985596,7.042336122250639,0.33953168044077137,60.0,1,2.524982899277604
1.6951505016722412,3.013879598662207,0.3403228863590835,1.25,3.8569594335530435,7.260735493491119,0.3395316804407713,60.0,1,2.4879183852192885
1.8451505016722414,2.9638795986622073,0.34036800693596736,1.25,3.8163182266711146,7.230271441452416,0.3371212121212121,60.0,1,2.424919996897874
1.7951505016722413,3.4138795986622057,0.34038294236121014,1.25,3.932304783351538,7.3718232420478,0.34331955922865015,60.0,1,2.6044501649904315
1.7951505016722413,3.363879598662206,0.34039470838525215,1.25,3.9170949227421628,7.2600292768322525,0.3419421487603306,60.0,1,2.581743011070834
2.0451505016722415,3.363879598662206,0.3404064187669861,1.25,3.875786123433547,7.39558237079148,0.34056473829201106,60.0,1,2.519992087029085
1.9951505016722415,3.2138795986622064,0.34044700553521334,1.25,3.842680356508737,7.152003896466738,0.337465564738292,60.0,1,2.468729661925267
1.9951505016722415,3.1138795986622068,0.3404496922238942,1.25,3.8203667883527763,7.299207463141041,0.3371212121212121,60.0,1,2.4333802080217626
1.6451505016722412,3.013879598662207,0.3404710034561617,1.25,3.8695167423457155,7.404145525159187,0.3398760330578512,60.0,1,2.5068665049301924
1.9451505016722415,3.4638795986622055,0.3404936193228164,1.25,3.9207622104018736,7.626653311509308,0.34331955922865015,60.0,1,2.587557606433827
1.5951505016722412,3.063879598662207,0.34051774290907755,1.25,3.8926356740618857,7.517824315669966,0.34125344352617076,60.0,1,2.5422548378573118
1.8951505016722414,3.013879598662207,0.34053053139893086,1.25,3.816181188048469,7.309371063169362,0.33643250688705234,60.0,1,2.4255326823473125
1.7951505016722413,3.2638795986622062,0.3405358814429279,1.25,3.8894148678162233,6.961441763976481,0.3381542699724518,60.0,1,2.5398462987706143
1.6951505016722412,3.063879598662207,0.34054308032294067,1.25,3.866442783022002,7.2565375338617315,0.3384986225895317,60.0,1,2.503019291435739
1.6951505016722412,2.9638795986622073,0.34055114014737764,1.25,3.8481734211142586,7.2367394448336135,0.337465564738292,60.0,1,2.4737411580056787
2.0451505016722415,3.313879598662206,0.3405611328082784,1.25,3.861728866302597,7.25708222664975,0.3381542699724518,60.0,1,2.4984714301212176
1.7451505016722413,3.1638795986622066,0.3405695950191452,1.25,3.875940736716934,6.997748622850072,0.337465564738292,60.0,1,2.5186369798649952
1.9451505016722415,3.4138795986622057,0.3405700641330808,1.25,3.9047819740929897,7.539275769339618,0.34159779614325075,60.0,1,2.563678129688453
1.9451505016722415,3.1638795986622066,0.34058619155787917,1.25,3.8383683132987656,7.240021274326146,0.3367768595041322,60.0,1,2.4616463591909867
1.6451505016722412,2.9638795986622073,0.34059549115175225,1.25,3.8606965456309026,7.379868802140862,0.3384986225895316,60.0,1,2.492713153597293
1.7951505016722413,3.063879598662207,0.34062457746261743,1.25,3.8441511731651956,7.167769329206209,0.33643250688705234,60.0,1,2.469231686400281
1.545150501672241,3.063879598662207,0.34064164435214284,1.25,3.9072537012709745,7.609884450115711,0.3415977961432507,60.0,1,2.5639495158172525
1.5951505016722412,3.1638795986622066,0.3406523745832293,1.25,3.9140325520106596,7.423996191812186,0.3409090909090909,60.0,1,2.5753607720170892
1.7451505016722413,3.063879598662207,0.34074444134449705,1.25,3.8548225351299505,7.088357652860974,0.3357438016528925,60.0,1,2.4854540699459093
1.8951505016722414,2.9638795986622073,0.3407595252784601,1.25,3.8075077807255795,7.28527982760426,0.33436639118457295,60.0,1,2.411263348687266
1.5951505016722412,3.013879598662207,0.3407619104844294,1.25,3.883071584183182,7.522111768058519,0.3391873278236915,60.0,1,2.527192645327645
1.5951505016722412,2.9638795986622073,0.3407826520956897,1.25,3.874214723198807,7.497604167887175,0.3384986225895317,60.0,1,2.513063001415998
1.7451505016722413,3.363879598662206,0.34082614602213196,1.25,3.9280593489900566,7.180015475569764,0.3391873278236915,60.0,1,2.597930912288496
1.6451505016722412,3.2138795986622064,0.3408448264965921,1.25,3.912183971870267,7.219336119760698,0.3384986225895317,60.0,1,2.573214389523928
1.7451505016722413,3.1138795986622068,0.3408453772277926,1.25,3.864998885274691,7.056632135503861,0.33539944903581265,60.0,1,2.5015403391397677
1.495150501672241,3.063879598662207,0.3408564726528579,1.25,3.9229103306914386,7.675835324430864,0.34125344352617076,60.0,1,2.5870346003237006
1.7951505016722413,3.313879598662206,0.3408588315841276,1.25,3.9028074732366016,7.123043714457683,0.337465564738292,60.0,1,2.5602169385213416
1.6451505016722412,3.1638795986622066,0.3408776794029974,1.25,3.900336268182496,7.306954259932759,0.3381542699724518,60.0,1,2.555077826202621
1.7951505016722413,2.9638795986622073,0.3408919531605184,1.25,3.8260123941839397,7.148114628211925,0.3336776859504132,60.0,1,2.4398668660346914
2.0451505016722415,3.2638795986622062,0.34090984144033676,1.25,3.8485484565684267,7.093693523145131,0.33436639118457295,60.0,1,2.478089537928145
2.0451505016722415,3.4138795986622057,0.3409103301797195,1.25,3.8907475978606403,7.5086123867152885,0.3384986225895317,60.0,1,2.5426768633863404
1.9951505016722415,3.4138795986622057,0.34092900864487796,1.25,3.8973551708489103,7.53837216443533,0.3388429752066116,60.0,1,2.5525832880252852
1.6951505016722412,3.1638795986622066,0.34093607798767617,1.25,3.8876471409982463,7.164667901184821,0.33643250688705234,60.0,1,2.5361751218353477
2.0451505016722415,3.1138795986622068,0.3409493889891152,1.25,3.813955203799921,7.270015341912259,0.33333333333333326,60.0,1,2.4234465750889838
1.7451505016722413,2.9638795986622073,0.3409598093342996,1.25,3.8366210536607817,7.068831226220997,0.33333333333333326,60.0,1,2.4561323862577162
1.9451505016722415,3.5138795986622053,0.34097234752536776,1.25,3.9376969350913513,7.687891477048108,0.3412534435261708,60.0,1,2.6126393225133655
1.9451505016722415,3.013879598662207,0.3410102615868489,1.25,3.8082004116511032,7.3366839521036304,0.33298898071625344,60.0,1,2.413155872525159
2.0451505016722415,3.2138795986622064,0.34104988360503685,1.25,3.836214666168615,7.123161162332739,0.3329889807162534,60.0,1,2.458815671249229
1.8451505016722414,3.313879598662206,0.34105593941815376,1.25,3.892842045207764,7.205030974936939,0.3360881542699724,60.0,1,2.5453543401489247
1.5951505016722412,3.2138795986622064,0.3410841834030744,1.25,3.925938453046473,7.335544783215063,0.3381542699724518,60.0,1,2.593492645007142
2.0451505016722415,3.1638795986622066,0.3411362314379538,1.25,3.824694981725086,7.210089684769571,0.3323002754820937,60.0,1,2.4406144335299502
1.6951505016722412,3.1138795986622068,0.34116050300129436,1.25,3.8766598535223777,7.224370633656179,0.3347107438016529,60.0,1,2.5190899106682747
1.8951505016722414,2.9138795986622075,0.3411782418364504,1.25,3.7994809514653114,7.232870640407288,0.33092286501377405,60.0,1,2.3978573978487026
1.8951505016722414,3.2138795986622064,0.3412095877622272,1.25,3.85805033965206,7.125973702794994,0.33298898071625344,60.0,1,2.492152835449156
1.8451505016722414,2.9138795986622075,0.3412516242525355,1.25,3.808270070320484,7.178096920852191,0.33057851239669417,60.0,1,2.4115391915630164
1.6951505016722412,3.2138795986622064,0.3413684809406493,1.25,3.8994406274188904,7.078062754631002,0.33367768595041325,60.0,1,2.55431771634596
1.6451505016722412,3.2638795986622062,0.3414303468923368,1.25,3.9248780795374505,7.189634709124668,0.33505509641873277,60.0,1,2.592452864152451
2.0451505016722415,3.4638795986622055,0.34145290391605065,1.25,3.90663726635869,7.5957762569746095,0.3360881542699724,60.0,1,2.566545095275569
1.7451505016722413,3.2138795986622064,0.34146741568434835,1.25,3.8876839370455305,6.912331841542244,0.3316115702479338,60.0,1,2.5367866813075097
1.7951505016722413,2.9138795986622075,0.3415174044200664,1.25,3.8179409048833692,7.096290589803804,0.3288567493112947,60.0,1,2.4265122856801837
1.7451505016722413,3.313879598662206,0.3415487781782236,1.25,3.913711477093336,7.0439239351682446,0.33298898071625344,60.0,1,2.576400164500876
1.9951505016722415,3.063879598662207,0.3415900528324928,1.25,3.810348591916182,7.331571287089982,0.3292011019283746,60.0,1,2.4172170839830427
2.095150501672242,3.313879598662206,0.34161229005016014,1.25,3.8559765746460903,7.199671740749871,0.3305785123966942,60.0,1,2.4897176009354767
2.095150501672242,3.363879598662206,0.3416634586323414,1.25,3.87000124112379,7.337523169281695,0.33161157024793386,60.0,1,2.5112392457775963
2.095150501672242,3.4638795986622055,0.34167564637596265,1.25,3.900779512924859,7.536779374859648,0.33402203856749313,60.0,1,2.557786829711289
2.0451505016722415,3.063879598662207,0.3416766343392965,1.25,3.803960060852085,7.302302350450535,0.3281680440771349,60.0,1,2.4072698569679947
1.6451505016722412,2.9138795986622075,0.34168447105824096,1.25,3.8525426197269526,7.327056096966043,0.33057851239669417,60.0,1,2.4794414112560514
1.545150501672241,3.013879598662207,0.3417119600801981,1.25,3.897644969688954,7.614203433817799,0.33402203856749313,60.0,1,2.5489057405525064
1.6951505016722412,3.313879598662206,0.3417619883852998,1.25,3.9255837566256186,7.211485629847203,0.33298898071625344,60.0,1,2.5939303514320042
1.6951505016722412,2.9138795986622075,0.3417957569769692,1.25,3.8400490809390595,7.184537331634374,0.3285123966942149,60.0,1,2.460441354655444
2.095150501672242,3.4138795986622057,0.3418051431912604,1.25,3.8849275660231437,7.45002376817007,0.33195592286501374,60.0,1,2.5339225554793314
1.9951505016722415,3.013879598662207,0.34183602897713405,1.25,3.80104186897133,7.335794946364636,0.3271349862258953,60.0,1,2.402003216131833
2.095150501672242,3.1138795986622068,0.34184630229991614,1.25,3.8083083541046223,7.212544279080795,0.3267906336088154,60.0,1,2.4146651200531286
1.9951505016722415,3.5138795986622053,0.341847098458961,1.25,3.9301711344664767,7.68697716260327,0.3350550964187328,60.0,1,2.6015288399881116
1.6951505016722412,3.2638795986622062,0.34185052694824436,1.25,3.912075147073312,7.0487047356644155,0.33092286501377405,60.0,1,2.573557486154788
1.495150501672241,3.013879598662207,0.3418748099164933,1.25,3.913254097488067,7.680176896821408,0.33402203856749313,60.0,1,2.572008259677118
1.445150501672241,2.9638795986622073,0.34188988954059685,1.25,3.9209300807536844,7.695079958449522,0.334366391184573,60.0,1,2.582433614373218
1.545150501672241,2.9138795986622075,0.3419420085405281,1.25,3.8805294212458956,7.535808535285476,0.331267217630854,60.0,1,2.521583790348575
1.5951505016722412,2.9138795986622075,0.3419743265641745,1.25,3.8660290725122564,7.444289201883976,0.32988980716253447,60.0,1,2.4998194231874153
2.095150501672242,3.1638795986622066,0.3419815415957037,1.25,3.8190254174013174,7.152899305467095,0.3261019283746556,60.0,1,2.431843341709062
1.9951505016722415,3.4638795986622055,0.3419885773299733,1.25,3.9132875476032933,7.625743410007274,0.33298898071625344,60.0,1,2.576456523041896
1.545150501672241,2.9638795986622073,0.3419905463906814,1.25,3.888748948573586,7.589515596816973,0.33161157024793386,60.0,1,2.534799368689485
2.095150501672242,3.2138795986622064,0.34199862827344957,1.25,3.830519991962095,7.0663779442632055,0.3261019283746556,60.0,1,2.4500526706495367
2.0451505016722415,3.563879598662205,0.342034256480797,1.25,3.9412772685589488,7.691853697085655,0.334366391184573,60.0,1,2.617876127597003
1.7451505016722413,2.9138795986622075,0.3420502109158212,1.25,3.8285241822387452,7.017345411989684,0.3254132231404958,60.0,1,2.4428048863039975
2.095150501672242,3.2638795986622062,0.3420651038649053,1.25,3.8428262220913147,7.037048327441177,0.3261019283746556,60.0,1,2.469332307358975
1.8451505016722414,2.8638795986622076,0.34211838256192634,1.25,3.8008378521321884,7.0979341793713004,0.32403581267217624,60.0,1,2.398979594383036
1.495150501672241,2.8638795986622076,0.34214090440706607,1.25,3.88845228673026,7.518423021501533,0.3302341597796143,60.0,1,2.5323981811907723
2.445150501672242,3.2138795986622064,0.342150933415609,1.25,3.810072014067167,7.053158291606412,0.32403581267217635,60.0,1,2.4183294962571154
1.7451505016722413,3.2638795986622062,0.3421559811613536,1.25,3.90026319972012,6.883376662947384,0.32747933884297514,60.0,1,2.5560291350926243
1.9451505016722415,2.9138795986622075,0.3421746728170447,1.25,3.791541898369726,7.260013784881043,0.32403581267217624,60.0,1,2.3854357142823366
2.1451505016722416,3.4638795986622055,0.34219189947877393,1.25,3.8956839616451755,7.449001893798208,0.3298898071625344,60.0,1,2.5501461489759865
2.2451505016722417,3.5138795986622053,0.34220517221806207,1.25,3.904376231801674,7.2483145601989065,0.3292011019283746,60.0,1,2.5631300591249393
2.095150501672242,3.063879598662207,0.3422120093649239,1.25,3.7983335928334614,7.244680059715549,0.32403581267217624,60.0,1,2.3984758168695035
2.1451505016722416,3.5138795986622053,0.34225550621694156,1.25,3.912446494681979,7.50937846548014,0.33057851239669417,60.0,1,2.5751988489922275
2.445150501672242,3.2638795986622062,0.3423200195842173,1.25,3.8222785103678985,7.0238608076538185,0.32334710743801653,60.0,1,2.4376344385470015
1.9451505016722415,2.9638795986622073,0.3423240868274945,1.25,3.7995493585863476,7.312539261228913,0.3236914600550964,60.0,1,2.3988655242799592
2.345150501672242,3.4638795986622055,0.3423676946486208,1.25,3.8824007767801256,7.398720188909927,0.32782369146005513,60.0,1,2.530127200621121
2.345150501672242,3.5138795986622053,0.34237879926499604,1.25,3.899071344300048,7.458852898715584,0.32885674931129477,60.0,1,2.5551676618311894
1.545150501672241,2.8638795986622076,0.342392699822184,1.25,3.8729514658313087,7.453291144809846,0.3274793388429752,60.0,1,2.509213097493769
1.8951505016722414,2.8638795986622076,0.34240642695879775,1.25,3.792066887911059,7.152347349035132,0.3219696969696969,60.0,1,2.3852696233390542
2.445150501672242,3.1138795986622068,0.3424129581196625,1.25,3.7880335260740465,7.199164489870576,0.32196969696969696,60.0,1,2.3828658937423928
1.7951505016722413,2.8638795986622076,0.34243608221645816,1.25,3.8104888297235116,7.016666341308309,0.321969696969697,60.0,1,2.4139822043529118
2.1951505016722415,3.5138795986622053,0.34244494270861614,1.25,3.9080547734855937,7.392726662739278,0.32851239669421495,60.0,1,2.568637695114297
2.095150501672242,3.563879598662205,0.3424626680057198,1.25,3.93533636885486,7.632406801466757,0.33092286501377405,60.0,1,2.609102358239226
1.495150501672241,2.9638795986622073,0.34246291468760026,1.25,3.904316416262936,7.655359940125507,0.3295454545454545,60.0,1,2.5579244561144328
2.095150501672242,3.5138795986622053,0.3425146240551421,1.25,3.9175771791447893,7.5975816596567824,0.3295454545454545,60.0,1,2.582844827589198
1.495150501672241,2.9138795986622075,0.3425172088215407,1.25,3.896060857748246,7.601371985642221,0.32851239669421484,60.0,1,2.5447364438506126
2.295150501672242,3.5138795986622053,0.34252139221864697,1.25,3.9013881640138597,7.352782689389052,0.3274793388429752,60.0,1,2.5586480129166365
1.9451505016722415,2.8638795986622076,0.3425247417730088,1.25,3.7841443268396198,7.179311822827614,0.3209366391184573,60.0,1,2.3728213054978493
2.445150501672242,3.1638795986622066,0.3425476536238453,1.25,3.7986683359129976,7.139584861950297,0.32128099173553715,60.0,1,2.4000863224334026
2.0451505016722415,3.5138795986622053,0.3425506546035858,1.25,3.9234752263830557,7.65686467149623,0.32988980716253447,60.0,1,2.591609572404988
2.1951505016722415,3.4638795986622055,0.34258859354311494,1.25,3.89132237587977,7.332913111510319,0.32644628099173556,60.0,1,2.543589270350148
1.445150501672241,2.8638795986622076,0.3426001004665863,1.25,3.904995342119337,7.557713250634038,0.3281680440771349,60.0,1,2.556966191235676
1.6951505016722412,2.8638795986622076,0.3426103624176331,1.25,3.8325520462558735,7.104332195928187,0.32231404958677684,60.0,1,2.4479734162631344
2.095150501672242,3.013879598662207,0.3426648529962226,1.25,3.789065474975922,7.248873958067634,0.3205922865013774,60.0,1,2.383231159304466
2.1451505016722416,3.563879598662205,0.3426679710252726,1.25,3.930168325034229,7.543959775670029,0.3288567493112947,60.0,1,2.6014488492510255
2.1451505016722416,3.4138795986622057,0.34268366625528246,1.25,3.8798649093304105,7.362853714933234,0.3254132231404958,60.0,1,2.5262849605146656
2.445150501672242,3.363879598662206,0.34269128208840993,1.25,3.849226934034785,7.3240064560064795,0.3236914600550964,60.0,1,2.479565697269159
2.445150501672242,3.313879598662206,0.34269273182533344,1.25,3.8353201287258285,7.186306054403516,0.3223140495867769,60.0,1,2.458036327709658
2.2451505016722417,3.4638795986622055,0.3427111063037148,1.25,3.887669121494459,7.189198014635323,0.32472451790633605,60.0,1,2.5380850249032485
1.445150501672241,2.9138795986622075,0.34271857260230504,1.25,3.912636344597329,7.640922557774939,0.32816804407713496,60.0,1,2.5692724664694846
2.2451505016722417,3.563879598662205,0.34271996829170914,1.25,3.9220391371200165,7.282174177307656,0.3267906336088154,60.0,1,2.5893688448566783
2.1451505016722416,3.063879598662207,0.3427312750894911,1.25,3.7934398086274945,7.158947740440603,0.31990358126721763,60.0,1,2.390800635538901
2.1951505016722415,3.013879598662207,0.3427578348788379,1.25,3.7800126445644366,7.049689455461181,0.3185261707988981,60.0,1,2.368941808723572
2.295150501672242,3.4638795986622055,0.3427688264983709,1.25,3.8847016258997047,7.293161927927937,0.32472451790633605,60.0,1,2.533605601325308
2.3951505016722416,3.4638795986622055,0.34277583812874574,1.25,3.880751255750856,7.475544902879857,0.32541322314049587,60.0,1,2.5276305899504234
1.395150501672241,2.8638795986622076,0.34278903789391124,1.25,3.9225890111404262,7.571285838927739,0.3278236914600551,60.0,1,2.5829048456357095
2.345150501672242,3.563879598662205,0.3427904522603351,1.25,3.916695404268344,7.493294534476277,0.3271349862258953,60.0,1,2.581399515351705
2.345150501672242,3.4138795986622057,0.34280869485020493,1.25,3.866667849761121,7.312919963828179,0.3236914600550964,60.0,1,2.5062723953815467
2.1451505016722416,3.1638795986622066,0.3428109423991724,1.25,3.8140940206172393,7.067809598076504,0.31990358126721763,60.0,1,2.4241890804992434
2.1451505016722416,3.013879598662207,0.3428226402400474,1.25,3.7841875056227194,7.163112274805151,0.31887052341597794,60.0,1,2.375542634735469
2.1951505016722415,2.9638795986622073,0.3428846478202942,1.25,3.7714415116364437,7.026106454699562,0.3171487603305785,60.0,1,2.3545677371476885
1.5951505016722412,2.8638795986622076,0.3428905601848272,1.25,3.858479909261489,7.362374240565522,0.3230027548209366,60.0,1,2.4874161274966085
2.1451505016722416,3.2638795986622062,0.3428947904639331,1.25,3.8378488691174546,6.952769761949604,0.31990358126721763,60.0,1,2.461690986700863
2.3951505016722416,3.063879598662207,0.3429058101873564,1.25,3.7791016697224515,7.184872313595225,0.3181818181818182,60.0,1,2.368164509364845
2.3951505016722416,3.4138795986622057,0.34290659377726124,1.25,3.865029063550576,7.389213044077042,0.32334710743801653,60.0,1,2.5037764005963568
1.6451505016722412,2.8638795986622076,0.34291140402879594,1.25,3.845020426705299,7.245912826589414,0.321625344352617,60.0,1,2.4670056110703684
1.9951505016722415,2.9638795986622073,0.34294338936405555,1.25,3.7924109648542976,7.311651995403896,0.3192148760330578,60.0,1,2.3876930668918916
2.3951505016722416,3.1138795986622068,0.34295293871771904,1.25,3.7890061664658345,7.15289349652344,0.31818181818181823,60.0,1,2.384401582900328
2.1451505016722416,3.363879598662206,0.34295602559714716,1.25,3.8649692399473383,7.251140799938227,0.3223140495867769,60.0,1,2.503602550986634
2.1951505016722415,3.063879598662207,0.3429763186557881,1.25,3.7892513681284195,7.045563755994991,0.31749311294765836,60.0,1,2.3842116222123226
2.445150501672242,3.063879598662207,0.34298578271369295,1.25,3.778132596123445,7.231265063265859,0.3178374655647383,60.0,1,2.366626202081976
2.1451505016722416,2.9638795986622073,0.3430008509555083,1.25,3.775604433416117,7.139307289033468,0.31714876033057854,60.0,1,2.361181985573068
2.295150501672242,3.4138795986622057,0.34300366319796893,1.25,3.8689537403684144,7.208092175218617,0.32196969696969696,60.0,1,2.509749869782903
2.1951505016722415,3.4138795986622057,0.3430295225223765,1.25,3.8755315420621295,7.247568277143646,0.32231404958677684,60.0,1,2.5197304491450176
2.3951505016722416,3.013879598662207,0.3430491717068538,1.25,3.7698960302237796,7.1890457273281285,0.3168044077134986,60.0,1,2.3528644737304583
2.2451505016722417,3.4138795986622057,0.3430496573681766,1.25,3.8719019688062106,7.104847701273368,0.3212809917355372,60.0,1,2.5142279852684193
2.1451505016722416,3.313879598662206,0.3431124083707426,1.25,3.850973000843488,7.1142545516010465,0.31990358126721763,60.0,1,2.482079652326792
2.1451505016722416,3.613879598662205,0.34311957583933694,1.25,3.9488606286206713,7.552901700730089,0.3267906336088154,60.0,1,2.628894710679332
2.445150501672242,3.4138795986622057,0.34314187323731876,1.25,3.8640261848534725,7.436383801765551,0.3219696969696971,60.0,1,2.502247713465057
1.9951505016722415,2.8638795986622076,0.34314428493298327,1.25,3.7770382668134292,7.178434157634165,0.3164600550964188,60.0,1,2.361601557864866
2.3951505016722416,3.5138795986622053,0.343148713898764,1.25,3.8974103627540466,7.536050205837121,0.3240358126721763,60.0,1,2.552669698412538
2.0451505016722415,3.013879598662207,0.3431624201165172,1.25,3.794673826306337,7.306515984886278,0.3178374655647383,60.0,1,2.392039955862119
1.7451505016722413,2.8638795986622076,0.34317573999868056,1.25,3.821050511884102,6.938240822840097,0.3171487603305785,60.0,1,2.430305437189008
2.1951505016722415,3.1138795986622068,0.34317895259743003,1.25,3.7991930668860143,7.013950549884516,0.3164600550964188,60.0,1,2.4004225265614507
2.1451505016722416,3.2138795986622064,0.343189902323109,1.25,3.8255666846347482,6.981894024604642,0.3174931129476584,60.0,1,2.442405898687506
2.3951505016722416,3.563879598662205,0.34319887118275205,1.25,3.9150222412154236,7.570705248205563,0.32472451790633616,60.0,1,2.5788994559324427
2.3951505016722416,3.363879598662206,0.3432310762290349,1.25,3.850223683547817,7.277261941559651,0.3199035812672177,60.0,1,2.4810944745592236
2.0451505016722415,2.8638795986622076,0.34323162942383856,1.25,3.770717132294428,7.149528691377753,0.3154269972451791,60.0,1,2.3515761296576727
2.345150501672242,3.013879598662207,0.34326169271847823,1.25,3.7714744425093882,7.11398528236494,0.31508264462809926,60.0,1,2.3553807764313603
2.345150501672242,3.613879598662205,0.34329293557841345,1.25,3.9352842001523944,7.502200342967246,0.32472451790633605,60.0,1,2.6088212881957773
2.345150501672242,3.063879598662207,0.3433249997024549,1.25,3.780685261066138,7.109837568616992,0.31508264462809915,60.0,1,2.37067594148612
2.3951505016722416,2.9638795986622073,0.3433309456723115,1.25,3.7613539922992674,7.165189986005206,0.31439393939393945,60.0,1,2.3384562183435333
2.345150501672242,3.363879598662206,0.34334024139593367,1.25,3.851852461433961,7.201658258968081,0.318870523415978,60.0,1,2.4835905819046595
2.295150501672242,3.1638795986622066,0.3433424125051165,1.25,3.803466987887457,6.91674150025333,0.31508264462809915,60.0,1,2.4076111324295106
2.1451505016722416,3.1138795986622068,0.3433470158789246,1.25,3.8033967803878563,7.1270369616019025,0.31611570247933884,60.0,1,2.4070013744937717
2.2451505016722417,3.013879598662207,0.34334886692416167,1.25,3.7765161444808046,6.909274756050948,0.31370523415977963,60.0,1,2.3633985471602883
2.1951505016722415,3.563879598662205,0.34337345978119904,1.25,3.925744562595319,7.426985497101459,0.32334710743801653,60.0,1,2.594881494776547
2.295150501672242,3.363879598662206,0.3433808714412818,1.25,3.854124406608335,7.097777712646433,0.31818181818181823,60.0,1,2.487068142309407
2.3951505016722416,3.313879598662206,0.3433878411608906,1.25,3.836311191956906,7.140083832640897,0.31749311294765836,60.0,1,2.4595656358882234
2.3951505016722416,3.1638795986622066,0.3434494051449088,1.25,3.799644948851349,7.093539851994844,0.31508264462809915,60.0,1,2.401619794027617
2.295150501672242,3.563879598662205,0.3434494734474445,1.25,3.9190292002125844,7.386931101403995,0.3223140495867769,60.0,1,2.5848828498546528
2.445150501672242,3.4638795986622055,0.34347619637962157,1.25,3.8797418031969335,7.5230443609610305,0.3209366391184573,60.0,1,2.52610154605569
2.345150501672242,2.9638795986622073,0.34349189273884023,1.25,3.7629278493075455,7.090276445286918,0.3130165289256198,60.0,1,2.3409780157283246
2.445150501672242,3.613879598662205,0.3435237028533916,1.25,3.932566318420623,7.627562128923728,0.3236914600550964,60.0,1,2.6047855447312016
2.295150501672242,3.1138795986622068,0.34356831412039496,1.25,3.792812685503159,6.975227439655804,0.31336088154269975,60.0,1,2.3904014037421146
2.2451505016722417,2.9638795986622073,0.3435792671951494,1.25,3.7679550405933466,6.885966567347793,0.31163911845730025,60.0,1,2.349012933248535
2.1951505016722415,3.363879598662206,0.34361278193322936,1.25,3.8606621733778836,7.136897101589138,0.31714876033057854,60.0,1,2.497048521454349
2.295150501672242,3.013879598662207,0.3436639548542103,1.25,3.7736762228332528,7.010851152351133,0.3119834710743802,60.0,1,2.3588859030578173
2.1951505016722415,2.9138795986622075,0.343666415908642,1.25,3.7635033362190646,6.9748029049815585,0.3112947658402204,60.0,1,2.341043830420919
1.9951505016722415,2.9138795986622075,0.343672203411034,1.25,3.784420966541603,7.259130304145284,0.3137052341597796,60.0,1,2.37424087232063
2.3951505016722416,3.2638795986622062,0.3436870476477055,1.25,3.8232643262989163,6.978254734885489,0.3140495867768595,60.0,1,2.439164711295144
2.095150501672242,2.9638795986622073,0.3437209348055149,1.25,3.7804685000355573,7.224901124165989,0.3130165289256199,60.0,1,2.3688857170345625
2.1451505016722416,2.9138795986622075,0.34373052385729574,1.25,3.7676559034689308,7.087520822865805,0.3116391184573003,60.0,1,2.347673073756056
2.2451505016722417,3.363879598662206,0.3437890163686944,1.25,3.8570546740208598,6.9954661738800255,0.31508264462809915,60.0,1,2.4915462490054816
2.445150501672242,3.013879598662207,0.3438006668239224,1.25,3.7689301291704016,7.2354543668771,0.3119834710743802,60.0,1,2.3513231565188843
2.3951505016722416,3.613879598662205,0.34380460924854317,1.25,3.933598143325303,7.579666238697541,0.3216253443526171,60.0,1,2.6063183854563636
2.345150501672242,3.1638795986622066,0.3438174586814817,1.25,3.8012408486545435,7.019067534573342,0.31232782369146,60.0,1,2.404123414417706
2.295150501672242,3.063879598662207,0.3438306465539428,1.25,3.782894254992161,7.006738750751829,0.3112947658402205,60.0,1,2.3741743719292097
2.1951505016722415,3.1638795986622066,0.3438311932476313,1.25,3.8098732903074977,6.955275490276204,0.31232782369146006,60.0,1,2.4176187129938342
2.445150501672242,3.563879598662205,0.3438477478543468,1.25,3.9139983114108663,7.618567020307406,0.32059228650137744,60.0,1,2.577368338424833
2.295150501672242,3.313879598662206,0.34384891984420707,1.25,3.840189693677123,6.962605043313495,0.3137052341597796,60.0,1,2.46554121867354
2.1951505016722415,3.613879598662205,0.3438764092174541,1.25,3.9444029407947667,7.435844037388957,0.3209366391184573,60.0,1,2.6223192189167985
2.295150501672242,2.9638795986622073,0.343894262733789,1.25,3.765123285284024,6.987344163816651,0.30991735537190085,60.0,1,2.3444907053143407
2.445150501672242,3.663879598662205,0.3439104179520609,1.25,3.952104283497434,7.611096800098565,0.32196969696969696,60.0,1,2.6333826269531233
2.295150501672242,3.613879598662205,0.3439520287215736,1.25,3.9376359659234863,7.395761089032597,0.3199035812672176,60.0,1,2.6123086448828503
2.2451505016722417,3.1138795986622068,0.3439767383568284,1.25,3.7956723351255497,6.873952314956817,0.31026170798898073,60.0,1,2.394898240704541
2.2451505016722417,3.613879598662205,0.34399742716673565,1.25,3.940669053563701,7.290929489269118,0.3192148760330578,60.0,1,2.61679992232695
2.0451505016722415,2.9638795986622073,0.3440116895821085,1.25,3.78606092757834,7.282430337126037,0.3116391184573003,60.0,1,2.3777113911696337
2.295150501672242,3.663879598662205,0.34402935138135127,1.25,3.9572147931120827,7.379598010182917,0.32024793388429745,60.0,1,2.640916564826001
2.2451505016722417,3.1638795986622066,0.3440612145148902,1.25,3.806338269323837,6.815960994202378,0.30991735537190085,60.0,1,2.4121017974024257
2.0451505016722415,2.9138795986622075,0.34406922353258623,1.25,3.77808653659942,7.230033305897994,0.31060606060606055,60.0,1,2.3642384553725653
2.445150501672242,3.5138795986622053,0.344107461318679,1.25,3.896393892191866,7.583780032140595,0.31783746556473835,60.0,1,2.5511398456913583
2.2451505016722417,3.063879598662207,0.34413548681376216,1.25,3.785743462682436,6.905197133247029,0.3088842975206612,60.0,1,2.3786785438325073
2.3951505016722416,3.2138795986622064,0.344137676867659,1.25,3.811053015787023,7.007441094532304,0.3106060606060606,60.0,1,2.4198611595427075
2.345150501672242,3.2138795986622064,0.34414461542687214,1.25,3.8126560809688432,6.933498975388048,0.31026170798898073,60.0,1,2.4223618672863982
2.345150501672242,3.1138795986622068,0.34414711353112964,1.25,3.7905955807074148,7.078055677891413,0.30991735537190085,60.0,1,2.3869087828167332
2.3951505016722416,2.9138795986622075,0.34426740294452657,1.25,3.7534410567460967,7.113293103865757,0.3075068870523416,60.0,1,2.3248942566750377
2.2451505016722417,2.9138795986622075,0.3443099002137344,1.25,3.760025564239791,6.835260856481899,0.30612947658402206,60.0,1,2.335476156271986
2.1951505016722415,3.2138795986622064,0.3443139330743872,1.25,3.8213271477727075,6.870161092222986,0.3092286501377411,60.0,1,2.4358422892085585
2.1951505016722415,3.313879598662206,0.3443384941432208,1.25,3.8466903261061383,7.001287337745815,0.31095041322314054,60.0,1,2.475524246204779
2.295150501672242,3.2138795986622064,0.3443416833881823,1.25,3.8148922021863156,6.831901441120035,0.3085399449035812,60.0,1,2.425845608787182
2.345150501672242,3.2638795986622062,0.34436566733244933,1.25,3.824875251732672,6.904492346065574,0.3092286501377411,60.0,1,2.4416631871849916
2.345150501672242,3.313879598662206,0.344375681491299,1.25,3.8379306850683217,7.065324896235779,0.3106060606060606,60.0,1,2.462062574109927
2.345150501672242,2.9138795986622075,0.3443769118523102,1.25,3.755010961397949,7.03869914543084,0.30647382920110194,60.0,1,2.327422158691513
2.095150501672242,2.9138795986622075,0.34445024278293457,1.25,3.772507914626969,7.172749513419497,0.30750688705234164,60.0,1,2.355393832349121
2.3951505016722416,3.663879598662205,0.3445013492973181,1.25,3.9531444315040853,7.563263362274036,0.31783746556473835,60.0,1,2.6349176502071763
2.345150501672242,3.663879598662205,0.3445063795243928,1.25,3.9548440816004478,7.485898475862314,0.3174931129476584,60.0,1,2.637424145060373
2.295150501672242,3.2638795986622062,0.3445113493894917,1.25,3.8271223235475986,6.803141763845957,0.3078512396694216,60.0,1,2.4451438979765765
2.295150501672242,2.9138795986622075,0.34452131190057866,1.25,3.757200893161529,6.936205974610374,0.30509641873278237,60.0,1,2.3309432582857306
2.095150501672242,2.8638795986622076,0.3445427726344301,1.25,3.7651502734650255,7.0926219714318,0.30612947658402206,60.0,1,2.342710535660749
2.1951505016722415,3.2638795986622062,0.3445870608430712,1.25,3.833588695448273,6.841308417620983,0.3078512396694215,60.0,1,2.4551323761427954
2.2451505016722417,3.313879598662206,0.34461938492989613,1.25,3.843103300587485,6.861436666880465,0.3081955922865014,60.0,1,2.470020597598538
2.1951505016722415,2.8638795986622076,0.3449480918983354,1.25,3.756164795196475,6.895978353346319,0.3019972451790634,60.0,1,2.3283251987115188
2.445150501672242,2.8638795986622076,0.34500831503907203,1.25,3.745165412657768,7.0793735664083,0.3019972451790633,60.0,1,2.3105811777105973
2.445150501672242,2.9138795986622075,0.34527698059810563,1.25,3.7524803675973804,7.159413322460715,0.3009641873278237,60.0,1,2.3233457790772687
2.3951505016722416,2.8638795986622076,0.34529027587720906,1.25,3.74612403669728,7.033556935737163,0.299931129476584,60.0,1,2.3121337885106765
2.1451505016722416,2.8638795986622076,0.3453214887562771,1.25,3.760308536352068,7.007954301662554,0.30027548209366384,60.0,1,2.334970972624173
2.445150501672242,2.9638795986622073,0.34532206121213416,1.25,3.7603908818098617,7.211507797073828,0.3013085399449036,60.0,1,2.336911508137339
2.2451505016722417,3.2138795986622064,0.3454743474123956,1.25,3.8177763363363626,6.7318384318858655,0.30061983471074377,60.0,1,2.4303312902388825
2.2451505016722417,3.2638795986622062,0.34554099450987996,1.25,3.8300205585877207,6.70332197670648,0.30061983471074377,60.0,1,2.4496258093832592
2.2451505016722417,2.8638795986622076,0.345592328874729,1.25,3.752694439429563,6.757354845176263,0.29683195592286504,60.0,1,2.322743357310318
2.295150501672242,2.8638795986622076,0.3455966668057727,1.25,3.749875808724497,6.85763548859569,0.2971763085399449,60.0,1,2.3181987282058736
2.345150501672242,2.8638795986622076,0.34565839866858383,1.25,3.7476905706767054,6.959453994597055,0.2971763085399449,60.0,1,2.3146683910872614
1.7451505016722413,3.563879598662205,0.3770446750992759,3.75,5.246572910486962,18.805310061379046,0.3254132231404959,60.0,1,4.922641934942076
1.7951505016722413,3.613879598662205,0.37742886629434236,3.75,5.2677439665890775,18.97362908396034,0.32472451790633605,60.0,1,4.943926610091103
2.1451505016722416,3.7638795986622045,0.3775203683889674,3.75,5.288295519136559,18.899012499454443,0.32472451790633605,60.0,1,4.962784552873014
2.095150501672242,3.7638795986622045,0.37785521051974347,3.75,5.303312701447258,19.060836814759767,0.3240358126721763,60.0,1,4.978220175476349
2.3951505016722416,3.8138795986622043,0.37795826039855995,3.75,5.307152358189237,19.36340376104407,0.325068870523416,60.0,1,4.980914947183954
2.345150501672242,3.8138795986622043,0.3780914996628608,3.75,5.312042483932019,19.220649674715574,0.3236914600550964,60.0,1,4.985957797050751
1.7451505016722413,3.613879598662205,0.3781686490437227,3.75,5.29981530314201,18.82717575988456,0.3205922865013774,60.0,1,4.976632921603694
2.295150501672242,3.8138795986622043,0.3783012737124092,3.75,5.318861044076788,19.024442585289506,0.3216253443526171,60.0,1,4.992984815119779
1.345150501672241,3.1138795986622068,0.37837921992068513,3.75,5.23994787655402,19.1963436760295,0.31818181818181823,60.0,1,4.913654703241497
1.2951505016722409,3.013879598662207,0.37840700993016535,3.75,5.243398021359105,19.200146047631314,0.31818181818181823,60.0,1,4.915967374062367
1.9951505016722415,3.7138795986622046,0.3784961358967867,3.75,5.2793652259228185,19.1798481078591,0.31921487603305787,60.0,1,4.95460180871581
1.6951505016722412,3.563879598662205,0.37851951920408344,3.75,5.281318126156726,19.124194350794525,0.31887052341597794,60.0,1,4.958052942921147
1.345150501672241,3.1638795986622066,0.378615774469518,3.75,5.270062739005773,19.085912157637054,0.3174931129476584,60.0,1,4.944680214945496
1.8451505016722414,3.663879598662205,0.37864667987819245,3.75,5.294123492790805,19.101999213932466,0.31852617079889806,60.0,1,4.970394535703471
1.8951505016722414,3.663879598662205,0.37868498012080076,3.75,5.267288986429178,19.203128766670403,0.3174931129476584,60.0,1,4.942959194085494
1.395150501672241,3.2138795986622064,0.3787108690154556,3.75,5.248496713889144,18.94026870225295,0.31508264462809915,60.0,1,4.92335073560445
1.6451505016722412,3.5138795986622053,0.3787341675149345,3.75,5.268165107143052,19.327305307909512,0.3178374655647382,60.0,1,4.944790750920093
2.0451505016722415,3.7638795986622045,0.37894093993418865,3.75,5.320556639111091,19.17014386904728,0.31818181818181823,60.0,1,4.99591806039168
1.2951505016722409,3.063879598662207,0.37894812951324797,3.75,5.268925134085249,19.194035684406828,0.3157713498622589,60.0,1,4.942394950187832
1.7951505016722413,3.663879598662205,0.378950180001152,3.75,5.32357744210492,18.95006378638392,0.3171487603305785,60.0,1,5.0004472537690345
2.2451505016722417,3.8138795986622043,0.378992459085585,3.75,5.327650883086125,18.83127138570783,0.3164600550964188,60.0,1,5.0020358581976705
1.5951505016722412,3.4638795986622055,0.37906930843385633,3.75,5.260410191188421,19.433960856905024,0.3157713498622589,60.0,1,4.936903390693969
1.9451505016722415,3.7138795986622046,0.3791215268920909,3.75,5.301250037130895,19.183260040292886,0.31611570247933884,60.0,1,4.97702499920392
2.1951505016722415,3.8138795986622043,0.37917170556305113,3.75,5.33846514771318,19.099963555748403,0.3171487603305785,60.0,1,5.013160246694341
1.545150501672241,3.4138795986622057,0.379317505065489,3.75,5.25808084490146,19.442816314006926,0.3140495867768595,60.0,1,4.934420124076376
1.2451505016722408,2.9138795986622075,0.3793458340576745,3.75,5.258129523351866,19.004548188282428,0.3116391184573003,60.0,1,4.929603651210087
1.2451505016722408,2.9638795986622073,0.3793684863688249,3.75,5.279412758425488,19.10398426528144,0.3130165289256198,60.0,1,4.951752572644917
2.345150501672242,3.863879598662204,0.3794722290502095,3.75,5.377374827457812,19.60094387929673,0.31955922865013775,60.0,1,5.051777193343437
1.2951505016722409,3.1138795986622068,0.3795690358338233,3.75,5.296722860733931,19.135500786214394,0.31267217630854,60.0,1,4.9710762683625145
2.295150501672242,3.863879598662204,0.37967980049131256,3.75,5.384212707737876,19.401659884121514,0.31749311294765836,60.0,1,5.0588119285223225
1.395150501672241,3.2638795986622062,0.37969825620370923,3.75,5.28351280971896,18.88761522254849,0.30991735537190085,60.0,1,4.959258142488025
2.1451505016722416,3.8138795986622043,0.37974009443015205,3.75,5.351366138008225,19.31723651105591,0.3150826446280991,60.0,1,5.026415618247844
2.3951505016722416,3.863879598662204,0.3797538171769119,3.75,5.372470882741485,19.74593660749003,0.3181818181818182,60.0,1,5.046728927872175
1.345150501672241,3.2138795986622064,0.3797611854866131,3.75,5.302617767831385,18.92489537595214,0.3106060606060606,60.0,1,4.978112945700437
1.495150501672241,3.363879598662206,0.37978859169100365,3.75,5.261177354798089,19.353759821558867,0.3106060606060606,60.0,1,4.9373416230587175
2.445150501672242,3.863879598662204,0.37985203089307273,3.75,5.369469121203484,19.835564374424692,0.31783746556473835,60.0,1,5.043637505844956
1.8951505016722414,3.7138795986622046,0.3798797188677944,3.75,5.325601645248397,19.13417612508737,0.3119834710743801,60.0,1,5.001929580647495
1.445150501672241,3.313879598662206,0.37996669933122773,3.75,5.269672672502203,19.167914826800008,0.30888429752066116,60.0,1,4.945639780394855
1.2451505016722408,3.013879598662207,0.38008917665907915,3.75,5.302785657171131,19.150630896489503,0.3095730027548209,60.0,1,4.975988205957306
2.095150501672242,3.8138795986622043,0.38012903554210686,3.75,5.366423941273112,19.481889365554338,0.3140495867768595,60.0,1,5.041866573286157
1.7451505016722413,3.663879598662205,0.380155482015322,3.75,5.355723073357854,18.803751209050162,0.30991735537190085,60.0,1,5.033179357568517
1.5951505016722412,3.5138795986622053,0.38028057188146147,3.75,5.308464217518013,19.55183147811487,0.31060606060606066,60.0,1,4.985740104011056
1.2451505016722408,3.063879598662207,0.38032060971591963,3.75,5.328343536426706,19.14453212330058,0.30922865013774103,60.0,1,5.002398503143847
1.9951505016722415,3.7638795986622045,0.3804162514547321,3.75,5.340107769488456,19.226519354190934,0.3095730027548209,60.0,1,5.015951473504696
2.2451505016722417,3.863879598662204,0.3804205133545039,3.75,5.393027541341106,19.20545941622644,0.3119834710743801,60.0,1,5.0678732001765505
1.545150501672241,3.4638795986622055,0.38044366339331637,3.75,5.303491415323631,19.60965884446128,0.3095730027548209,60.0,1,4.980641356196089
1.6951505016722412,3.613879598662205,0.3804707045619352,3.75,5.334635389884569,19.146355483004747,0.30853994490358133,60.0,1,5.01206707827689
1.2951505016722409,3.1638795986622066,0.38052926628769634,3.75,5.326882969753895,19.02534373789635,0.3071625344352617,60.0,1,5.002094714627144
1.8451505016722414,3.7138795986622046,0.3805652498129273,3.75,5.352501812201859,19.033331523492592,0.3081955922865014,60.0,1,5.029388051869452
1.495150501672241,3.4138795986622057,0.3806747159085092,3.75,5.303955517960614,19.569508521594166,0.30785123966942146,60.0,1,4.980949041334883
1.6451505016722412,3.563879598662205,0.3807024182946196,3.75,5.318859547698111,19.396751285814574,0.30750688705234164,60.0,1,4.996230044100263
2.1951505016722415,3.863879598662204,0.38075814910954486,3.75,5.40387269494339,19.478365819483457,0.31163911845730025,60.0,1,5.079010597612611
1.9451505016722415,3.7638795986622045,0.3807837906389493,3.75,5.362049113627648,19.229937484384664,0.3081955922865014,60.0,1,5.038395545809019
2.0451505016722415,3.8138795986622043,0.38090664115784123,3.75,5.3837148697701975,19.593107286740285,0.31026170798898073,60.0,1,5.05958313713801
1.2451505016722408,3.1138795986622068,0.3809418934088731,3.75,5.3561811463589954,19.086114913545565,0.30612947658402206,60.0,1,5.031070361254808
1.445150501672241,3.363879598662206,0.3811289724788214,3.75,5.309842831410338,19.43188393578849,0.30440771349862256,60.0,1,4.98664904989268
2.295150501672242,3.913879598662204,0.38114983348014947,3.75,5.451833976802188,19.741859050849214,0.31267217630853994,60.0,1,5.126765180734031
2.2451505016722417,3.913879598662204,0.38116551808057375,3.75,5.460675454744341,19.542925876557533,0.3119834710743801,60.0,1,5.1358392392721255
2.3951505016722416,3.913879598662204,0.3812272451368439,3.75,5.440056825065244,20.090930929559192,0.3133608815426997,60.0,1,5.114665617723966
1.8951505016722414,3.7638795986622045,0.38123245113439064,3.75,5.386464300402074,19.180757794203032,0.306129476584022,60.0,1,5.06332537864738
2.345150501672242,3.913879598662204,0.38125414351466236,3.75,5.444975501016966,19.94391872067758,0.31267217630853994,60.0,1,5.119720734284404
1.345150501672241,3.2638795986622062,0.3812655550837106,3.75,5.337693317669796,18.872274045670864,0.3019972451790633,60.0,1,5.014024298268896
2.445150501672242,3.913879598662204,0.38132634409360666,3.75,5.437046062551111,20.18180704044341,0.3130165289256198,60.0,1,5.111570049413591
1.495150501672241,3.4638795986622055,0.38133722605709597,3.75,5.349445045162656,19.737215668351368,0.3064738292011019,60.0,1,5.027191352719075
1.7951505016722413,3.7138795986622046,0.3814894377109258,3.75,5.3820287795159585,18.881824620336076,0.3026859504132231,60.0,1,5.059468963615511
1.545150501672241,3.5138795986622053,0.38150119635290564,3.75,5.351626253400325,19.728376937964484,0.30544077134986225,60.0,1,5.029501869882041
2.1451505016722416,3.863879598662204,0.3815360108096528,3.75,5.416810733912322,19.69904662817747,0.30819559228650134,60.0,1,5.0922820863485585
1.2451505016722408,3.1638795986622066,0.38174769113070117,3.75,5.386390707599156,18.976180032337496,0.3016528925619834,60.0,1,5.062087766148496
1.395150501672241,3.313879598662206,0.38185909527417716,3.75,5.321111723949096,19.198505730628682,0.2988980716253443,60.0,1,4.997698059979461
1.445150501672241,3.4138795986622057,0.3818612163078451,3.75,5.352697375980106,19.648325171453337,0.3026859504132231,60.0,1,5.030274856266601
1.9951505016722415,3.8138795986622043,0.3819182148224163,3.75,5.403319727656762,19.65046874807323,0.3047520661157025,60.0,1,5.07963906769966
1.8451505016722414,3.7638795986622045,0.3819183453916667,3.75,5.413435524871599,19.079716874572064,0.3023415977961432,60.0,1,5.090814105502978
1.5951505016722412,3.563879598662205,0.38193998483038416,3.75,5.359240587777611,19.621919016373198,0.3023415977961432,60.0,1,5.0372059106817115
2.1951505016722415,3.913879598662204,0.382022813942714,3.75,5.471553535572707,19.819633819465288,0.30819559228650134,60.0,1,5.146992774730254
1.2951505016722409,3.2138795986622064,0.38208860015324564,3.75,5.359492713455475,18.864727518850714,0.29752066115702475,60.0,1,5.03552889292295
2.345150501672242,3.9638795986622037,0.38219616119663924,3.75,5.514734656554498,20.248759930816234,0.31129476584022037,60.0,1,5.189677862920023
1.6951505016722412,3.663879598662205,0.38225128132392494,3.75,5.3906250899028025,19.122621097383302,0.2992424242424242,60.0,1,5.068645186379404
1.9451505016722415,3.8138795986622043,0.382337892259956,3.75,5.425321937383193,19.653947525965336,0.30303030303030304,60.0,1,5.102110041791357
2.3951505016722416,3.9638795986622037,0.3824287812228201,3.75,5.509800352168068,20.397567705031044,0.31026170798898073,60.0,1,5.1846144653435635
2.095150501672242,3.863879598662204,0.38249541358349637,3.75,5.431912054659022,19.866282152827367,0.303374655647383,60.0,1,5.107752653359671
2.2451505016722417,3.9638795986622037,0.3825173926651322,3.75,5.530484727392723,19.84286946654541,0.3078512396694215,60.0,1,5.205823401398969
2.295150501672242,3.9638795986622037,0.3826066592785582,3.75,5.521614982271,20.04423235216337,0.30785123966942146,60.0,1,5.196734007207579
1.7451505016722413,3.7138795986622046,0.3827472898042541,3.75,5.414255231394477,18.735924564962225,0.29511019283746553,60.0,1,5.092235027646654
1.6451505016722412,3.613879598662205,0.38275769540476234,3.75,5.372259113770856,19.419164774979464,0.2964876033057851,60.0,1,5.050273341171543
1.445150501672241,3.4638795986622055,0.3829379790814492,3.75,5.3982727977558955,19.816570549456408,0.2985537190082645,60.0,1,5.076545360078771
1.7951505016722413,3.7638795986622045,0.38304949052137927,3.75,5.443041483702739,18.927915249217584,0.29545454545454547,60.0,1,5.120930952346467
2.445150501672242,3.9638795986622037,0.3830968379292121,3.75,5.506780040512455,20.48955374802526,0.30612947658402206,60.0,1,5.181513873282223
1.495150501672241,3.5138795986622053,0.3831190034782273,3.75,5.397667969074345,19.85654907181913,0.2975206611570248,60.0,1,5.076082678728386
1.395150501672241,3.363879598662206,0.3831771102584687,3.75,5.361354993118901,19.462810648997525,0.29338842975206614,60.0,1,5.038723073980219
1.8951505016722414,3.8138795986622043,0.38325126923989994,3.75,5.449805560449967,19.60390944174806,0.2978650137741046,60.0,1,5.127071757005514
1.545150501672241,3.563879598662205,0.38326494484302975,3.75,5.4024921305783575,19.79896881889892,0.2964876033057851,60.0,1,5.081001078152415
2.0451505016722415,3.863879598662204,0.3834296691245786,3.75,5.449253320312681,19.97924480567231,0.2985537190082645,60.0,1,5.125492768319934
2.2451505016722417,4.013879598662204,0.38344177757747977,3.75,5.602335071686291,20.104720398716907,0.30647382920110194,60.0,1,5.27770563547877
1.2451505016722408,3.2138795986622064,0.38346265972270144,3.75,5.419059931615309,18.815888116125052,0.29097796143250687,60.0,1,5.095529938369458
2.345150501672242,4.013879598662204,0.38348499040794704,3.75,5.586532071665222,20.51488851512343,0.30750688705234164,60.0,1,5.261528575500871
1.6451505016722412,3.663879598662205,0.38350566199697433,3.75,5.428338815319284,19.39516532341979,0.29407713498622584,60.0,1,5.106889740536953
1.5951505016722412,3.613879598662205,0.38353119492073723,3.75,5.412730300092018,19.644540779256467,0.29442148760330583,60.0,1,5.091285122925884
1.395150501672241,3.4138795986622057,0.38354859185849116,3.75,5.404292491501791,19.67952703687476,0.29407713498622595,60.0,1,5.082374448582458
1.8451505016722414,3.8138795986622043,0.3836264547954657,3.75,5.4768532516971185,19.50110395329905,0.29614325068870523,60.0,1,5.154597988846265
1.2951505016722409,3.2638795986622062,0.38364518789130697,3.75,5.3946328802722014,18.812236227774747,0.28856749311294766,60.0,1,5.07145081951197
1.345150501672241,3.313879598662206,0.3836850085087864,3.75,5.375361407531362,19.18296844472188,0.2892561983471075,60.0,1,5.052477362118883
2.1951505016722415,3.9638795986622037,0.3836874305886164,3.75,5.541397740730446,20.122957296579216,0.3019972451790633,60.0,1,5.2169961925829424
1.6951505016722412,3.7138795986622046,0.3837066807599091,3.75,5.4492463278015775,19.053891220735366,0.29201101928374656,60.0,1,5.127741311456517
2.295150501672242,4.013879598662204,0.383739055639853,3.75,5.593435473230948,20.308205433119944,0.30509641873278237,60.0,1,5.268598383370736
2.1451505016722416,3.913879598662204,0.3838363583568866,3.75,5.484531066770394,20.04338873825592,0.2978650137741046,60.0,1,5.160284088049483
1.9951505016722415,3.863879598662204,0.3840807729887249,3.75,5.468915725120009,20.037506466366402,0.2954545454545455,60.0,1,5.145576689651033
1.7951505016722413,3.8138795986622043,0.3841363601771937,3.75,5.50654418989904,19.346650802430155,0.29338842975206614,60.0,1,5.184758645074399
1.345150501672241,3.363879598662206,0.38417702229398254,3.75,5.415683969685587,19.447106399813478,0.2892561983471075,60.0,1,5.093525323066343
2.3951505016722416,4.013879598662204,0.3843901726474621,3.75,5.581581262119121,20.665264563893125,0.3019972451790633,60.0,1,5.256455482063426
2.095150501672242,3.913879598662204,0.3845912575585346,3.75,5.49967877308626,20.212953975469688,0.2944214876033058,60.0,1,5.175778560935904
2.1451505016722416,3.9638795986622037,0.38472856427933777,3.75,5.554417168554559,20.349445336192716,0.29683195592286504,60.0,1,5.230311024772765
2.445150501672242,4.013879598662204,0.38474897712319056,3.75,5.578550865701974,20.758220040726698,0.299931129476584,60.0,1,5.253348998078602
1.7451505016722413,3.7638795986622045,0.384824286102056,3.75,5.475355333070566,18.781731302296755,0.28443526170798894,60.0,1,5.153739339520073
1.395150501672241,3.4638795986622055,0.384832800858951,3.75,5.449961048399466,19.84798604353705,0.2885674931129476,60.0,1,5.128680898195979
2.295150501672242,4.063879598662203,0.38485574558432323,3.75,5.667166222487237,20.533434281568745,0.3023415977961433,60.0,1,5.342230116881451
1.9451505016722415,3.863879598662204,0.38486253309150753,3.75,5.490983117733744,20.041040510014376,0.29132231404958675,60.0,1,5.168080648324369
1.545150501672241,3.613879598662205,0.38496029518400177,3.75,5.456080239674945,19.821754078373097,0.2878787878787879,60.0,1,5.135123695164208
1.2951505016722409,3.313879598662206,0.38508318616185044,3.75,5.432375919939493,19.122154149832383,0.28236914600550966,60.0,1,5.1099242014931665
1.445150501672241,3.5138795986622053,0.3851339616101752,3.75,5.446591420785483,19.936286808680933,0.2868457300275482,60.0,1,5.125475193636306
1.5951505016722412,3.663879598662205,0.38515780459381976,3.75,5.468908510980553,19.620322026874902,0.2861570247933885,60.0,1,5.147947178201858
1.8451505016722414,3.863879598662204,0.3852206397920046,3.75,5.542669567822221,19.88580163748243,0.290633608815427,60.0,1,5.220652007522833
2.1951505016722415,4.013879598662204,0.3852341632746075,3.75,5.613284977767823,20.387760101360605,0.2964876033057851,60.0,1,5.288900767967184
1.495150501672241,3.563879598662205,0.3852453040443067,3.75,5.448631304479679,19.927506949285927,0.2861570247933884,60.0,1,5.127622892130952
1.6451505016722412,3.7138795986622046,0.38527109663036774,3.75,5.487057854016013,19.325663105728587,0.2847796143250688,60.0,1,5.166033559620389
1.2451505016722408,3.2638795986622062,0.3853297497163355,3.75,5.45427006810661,18.76350193843477,0.2799586776859504,60.0,1,5.131469521540979
2.3951505016722416,4.063879598662203,0.38535402353143483,3.75,5.655270389359362,20.89367270932891,0.30027548209366395,60.0,1,5.33006053319723
1.8951505016722414,3.863879598662204,0.3854142718885657,3.75,5.515540018210503,19.990218497935835,0.28856749311294766,60.0,1,5.193080946050532
2.345150501672242,4.063879598662203,0.3854810052121861,3.75,5.660238555038839,20.74195769174659,0.2988980716253444,60.0,1,5.335144713156776
1.6951505016722412,3.7638795986622045,0.38557822951107856,3.75,5.510442715763308,19.100314430157717,0.28271349862258954,60.0,1,5.189295067875918
2.2451505016722417,4.063879598662203,0.3855903727862957,3.75,5.676097214204089,20.328137387468317,0.29683195592286504,60.0,1,5.351357706429051
1.345150501672241,3.4138795986622057,0.38573706390481455,3.75,5.4587112599142165,19.663685570531044,0.28202479338842973,60.0,1,5.137210033457917
2.0451505016722415,3.913879598662204,0.38583701551277194,3.75,5.517073689898017,20.327490432514495,0.2875344352617079,60.0,1,5.1935471159396895
1.2951505016722409,3.363879598662206,0.3859368859129483,3.75,5.472784186491441,19.385631648218883,0.2799586776859504,60.0,1,5.15100283854927
1.7451505016722413,3.8138795986622043,0.38596154345113476,3.75,5.53895203004596,19.19791361776945,0.28202479338842973,60.0,1,5.217617860208478
2.445150501672242,4.063879598662203,0.38597164595372513,3.75,5.6522293883304435,20.987455876251154,0.29648760330578505,60.0,1,5.326947303995785
1.7951505016722413,3.863879598662204,0.38603927582763287,3.75,5.572451454397602,19.728927220236507,0.2858126721763085,60.0,1,5.250864428543371
1.445150501672241,3.563879598662205,0.38617648776287683,3.75,5.497660521427346,20.007472157561786,0.28271349862258954,60.0,1,5.177064703918243
2.095150501672242,3.9638795986622037,0.3862085356195242,3.75,5.569614083029231,20.521081834902283,0.2885674931129476,60.0,1,5.245833682686375
2.1451505016722416,4.013879598662204,0.3865356975915313,3.75,5.626348652982827,20.616635126790875,0.28960055096418735,60.0,1,5.302242775634373
1.9951505016722415,3.913879598662204,0.38659248573197696,3.75,5.536797424761806,20.386564037652953,0.2837465564738292,60.0,1,5.213664520585669
1.2451505016722408,3.313879598662206,0.38681950573352675,3.75,5.492094024571177,19.07279051786515,0.2734159779614325,60.0,1,5.169970853753379
1.9451505016722415,3.913879598662204,0.3868582559679581,3.75,5.558934277241218,20.39014780209584,0.2830578512396694,60.0,1,5.2362075683240255
1.545150501672241,3.663879598662205,0.38694911884554617,3.75,5.512365896032488,19.79736246906846,0.2772038567493113,60.0,1,5.191839511227579
2.1951505016722415,4.063879598662203,0.38697173346071445,3.75,5.687085916432739,20.613697148805493,0.2896005509641873,60.0,1,5.362578213810704
1.6451505016722412,3.7638795986622045,0.3869888500765172,3.75,5.548359903979111,19.372613049449157,0.2765151515151515,60.0,1,5.22764463028649
1.8951505016722414,3.913879598662204,0.3869967966082475,3.75,5.583569251764891,20.338618464597275,0.28305785123966937,60.0,1,5.261253172778194
1.8451505016722414,3.913879598662204,0.38700929876012136,3.75,5.610786002552291,20.232747832357248,0.2837465564738292,60.0,1,5.288876414832278
1.495150501672241,3.613879598662205,0.3870448226378481,3.75,5.50232645426093,19.95041054890224,0.27685950413223137,60.0,1,5.181797123396889
1.5951505016722412,3.7138795986622046,0.3870784838759399,3.75,5.527734531168585,19.550181319388898,0.2758264462809918,60.0,1,5.207146679753422
1.2951505016722409,3.4138795986622057,0.3870839908198397,3.75,5.515908342035883,19.601668842931595,0.27548209366391185,60.0,1,5.194729184434167
2.0451505016722415,3.9638795986622037,0.38719750477641623,3.75,5.587065912986309,20.637017454477345,0.2834022038567493,60.0,1,5.263635550357022
1.6951505016722412,3.8138795986622043,0.38728865460256745,3.75,5.574142924020512,19.52206587165508,0.2765151515151515,60.0,1,5.25323217293671
1.345150501672241,3.4638795986622055,0.38738348793936556,3.75,5.504480468282534,19.832037501683153,0.2741046831955923,60.0,1,5.183560775253914
1.395150501672241,3.5138795986622053,0.38739121685025035,3.75,5.49838330003576,19.96785397134387,0.2744490358126722,60.0,1,5.177657580104372
2.095150501672242,4.013879598662204,0.38760419765804366,3.75,5.641597535728789,20.790080534466412,0.2840909090909091,60.0,1,5.31779785454599
2.1451505016722416,4.063879598662203,0.3877069727931193,3.75,5.700196122050993,20.844609951776093,0.2865013774104683,60.0,1,5.375950992337383
1.2451505016722408,3.363879598662206,0.38777676987656295,3.75,5.532594603003194,19.33573264496873,0.2703168044077135,60.0,1,5.211088361206618
1.9951505016722415,3.9638795986622037,0.38779903512417435,3.75,5.606854702309712,20.696812827973467,0.28064738292011016,60.0,1,5.283791913030831
1.7951505016722413,3.913879598662204,0.38793027687192916,3.75,5.640664753273167,20.073689030471748,0.27823691460055094,60.0,1,5.319148584307501
1.7451505016722413,3.863879598662204,0.3879667158711143,3.75,5.604959858539602,19.57785850164681,0.2737603305785124,60.0,1,5.283783062954991
1.5951505016722412,3.7638795986622045,0.38807426145498103,3.75,5.589152102385022,19.597566181093306,0.2723829201101929,60.0,1,5.268823686688593
1.8951505016722414,3.9638795986622037,0.3883589884431232,3.75,5.653782998286081,20.648282234455344,0.27892561983471076,60.0,1,5.331477749385099
1.8451505016722414,3.9638795986622037,0.3883711738016103,3.75,5.681092212708757,20.54111884135844,0.27961432506887046,60.0,1,5.359160500245587
2.0451505016722415,4.013879598662204,0.3883879189929411,3.75,5.659109469201795,20.907238036672872,0.2803030303030303,60.0,1,5.335637858861426
1.9451505016722415,3.9638795986622037,0.38847859363006876,3.75,5.629065225955007,20.70044064083303,0.27720385674931136,60.0,1,5.3063801349546855
2.095150501672242,4.063879598662203,0.3885187781435845,3.75,5.715499654141903,21.019599585398936,0.2827134986225895,60.0,1,5.39154265776258
1.2451505016722408,3.4138795986622057,0.3886660273034369,3.75,5.575822896771876,19.55133042529411,0.2675619834710744,60.0,1,5.254865110793026
1.395150501672241,3.563879598662205,0.38889951282132884,3.75,5.549566802813696,20.039129018066006,0.26721763085399447,60.0,1,5.229305328263861
1.9951505016722415,4.013879598662204,0.38893877186640147,3.75,5.678966956302238,20.967663637189588,0.277892561983471,60.0,1,5.355838600172921
1.345150501672241,3.5138795986622053,0.3889612476115811,3.75,5.553014564203878,19.951828686010955,0.2665289256198347,60.0,1,5.232593243226206
1.6451505016722412,3.8138795986622043,0.38896198238436885,3.75,5.612173656183235,19.79912489812841,0.26859504132231404,60.0,1,5.291648827667033
1.545150501672241,3.7138795986622046,0.3889735628021159,3.75,5.571308528564602,19.726719147561873,0.2661845730027548,60.0,1,5.2511034267305785
1.445150501672241,3.613879598662205,0.3891132630987184,3.75,5.551471728231694,20.030448873988377,0.26584022038567495,60.0,1,5.231299450450404
1.2951505016722409,3.4638795986622055,0.38940236362719166,3.75,5.5617859605846744,19.769598912920124,0.26308539944903575,60.0,1,5.241133100782918
1.6951505016722412,3.863879598662204,0.38945345507769835,3.75,5.640261467421823,19.907095716859196,0.2672176308539945,60.0,1,5.319465191172269
2.0451505016722415,4.063879598662203,0.38951036102509373,3.75,5.73307479076376,21.137800113894272,0.2775482093663912,60.0,1,5.409425543002344
1.9451505016722415,4.013879598662204,0.38951561506128585,3.75,5.70125527149732,20.971329734303367,0.275137741046832,60.0,1,5.378478021807579
1.495150501672241,3.663879598662205,0.3896025749442298,3.75,5.558728905052988,19.925892886472667,0.262396694214876,60.0,1,5.238575527988219
1.7451505016722413,3.913879598662204,0.3897535827333306,3.75,5.673280236757949,19.920516856873448,0.2668732782369146,60.0,1,5.352135259127896
1.8951505016722414,4.013879598662204,0.38980944546530005,3.75,5.7260604642592074,20.91862168857604,0.2741046831955923,60.0,1,5.403634284288046
1.7951505016722413,3.9638795986622037,0.39006620785443014,3.75,5.711073655221697,20.380117666763255,0.2689393939393939,60.0,1,5.389500377110412
1.8451505016722414,4.013879598662204,0.39013139294973365,3.75,5.7534672930037845,20.810328965637723,0.27272727272727276,60.0,1,5.43138380127442
1.9951505016722415,4.063879598662203,0.39016545034993944,3.75,5.75300451606765,21.198763583473735,0.2744490358126722,60.0,1,5.429675994582888
1.345150501672241,3.563879598662205,0.390418745328742,3.75,5.604321402745088,20.02305730879776,0.25964187327823696,60.0,1,5.2843087693662785
1.545150501672241,3.7638795986622045,0.39043538461690863,3.75,5.632851952346077,19.774445680909253,0.25964187327823696,60.0,1,5.312855736562764
1.445150501672241,3.663879598662205,0.39058715741659644,3.75,5.6080007117398845,20.005852005929952,0.25860881542699726,60.0,1,5.288149964556356
1.9451505016722415,4.063879598662203,0.3905879498092243,3.75,5.775374627660151,21.2024621441481,0.27272727272727276,60.0,1,5.452372543125391
1.5951505016722412,3.8138795986622043,0.39077442342676294,3.75,5.6530899385045235,20.028011226027672,0.2596418732782369,60.0,1,5.33290423855696
1.2951505016722409,3.5138795986622053,0.39082580369418185,3.75,5.610440365875199,19.88908915662894,0.2565426997245179,60.0,1,5.290230830718228
1.2451505016722408,3.4638795986622055,0.39088167362552806,3.75,5.6218168870910015,19.718918355222094,0.25585399449035817,60.0,1,5.301331554424667
1.395150501672241,3.613879598662205,0.39090746249807173,3.75,5.603503426711244,20.06213386743015,0.2565426997245179,60.0,1,5.28361014230996
1.7451505016722413,3.9638795986622037,0.39101080982848146,3.75,5.743802637179745,20.225075055353912,0.2634297520661157,60.0,1,5.422563686397077
1.495150501672241,3.7138795986622046,0.3910594728361053,3.75,5.617798213205364,19.85488391133498,0.25516528925619836,60.0,1,5.297913313337793
1.8951505016722414,4.063879598662203,0.39114035054424534,3.75,5.80027173477092,21.1492845869616,0.2699724517906336,60.0,1,5.477593983940534
1.6451505016722412,3.863879598662204,0.39123427306230596,3.75,5.678413602709575,20.188501247598126,0.2586088154269973,60.0,1,5.357958811647348
1.6951505016722412,3.913879598662204,0.391347969474485,3.75,5.708699701463548,20.254340904848142,0.2596418732782369,60.0,1,5.387894464808917
1.395150501672241,3.663879598662205,0.3922273592006176,3.75,5.660169038873434,20.037504375345726,0.2503443526170799,60.0,1,5.34054293848331
1.8451505016722414,4.063879598662203,0.3922370978220694,3.75,5.827781186100508,21.040027407907083,0.2634297520661157,60.0,1,5.505417406960973
1.7951505016722413,4.013879598662204,0.3922391408419944,3.75,5.783557132111274,20.647631071100328,0.259297520661157,60.0,1,5.461799267602009
1.7451505016722413,4.013879598662204,0.39225361141714965,3.75,5.8164058973084956,20.49095454347969,0.25998622589531684,60.0,1,5.494947722285128
1.2951505016722409,3.563879598662205,0.39233577355841404,3.75,5.66187973032448,19.960137745055142,0.24931129476584024,60.0,1,5.3420242136330875
1.345150501672241,3.613879598662205,0.3923760044467762,3.75,5.658393111157048,20.046045843185013,0.24931129476584027,60.0,1,5.3386938027611945
1.445150501672241,3.7138795986622046,0.3924064412213304,3.75,5.667207165045842,19.93461448965588,0.24896694214876033,60.0,1,5.34757176909135
1.2451505016722408,3.5138795986622053,0.39240916429700623,3.75,5.67060027318488,19.838164380846727,0.24862258953168045,60.0,1,5.350504492839116
1.5951505016722412,3.863879598662204,0.39263718139647374,3.75,5.719462507318798,20.42097873157524,0.2524104683195592,60.0,1,5.399301093789455
1.6451505016722412,3.913879598662204,0.3926678279299903,3.75,5.746981031280138,20.539667096219034,0.2541322314049587,60.0,1,5.426474955712531
1.545150501672241,3.8138795986622043,0.39267400004813935,3.75,5.696924906265541,20.207984027781322,0.25,60.0,1,5.377022650170394
1.495150501672241,3.7638795986622045,0.39278073356019544,3.75,5.679478272892157,19.902858092330675,0.24690082644628103,60.0,1,5.359751017321847
1.6951505016722412,3.9638795986622037,0.3929191190537561,3.75,5.779346993983214,20.56297698510614,0.2541322314049586,60.0,1,5.458409201644268
1.395150501672241,3.7138795986622046,0.39322119440259495,3.75,5.7195234784603075,19.966174669092865,0.24621212121212124,60.0,1,5.400059561846183
1.7951505016722413,4.063879598662203,0.39325985433779886,3.75,5.857984969896494,20.875880617550735,0.2572314049586777,60.0,1,5.535916217571721
1.2951505016722409,3.613879598662205,0.3932609756118427,3.75,5.716096454318297,19.983066335704677,0.2458677685950414,60.0,1,5.3965001557034675
1.345150501672241,3.663879598662205,0.39349036081294353,3.75,5.7152057659109525,20.021429743507113,0.24449035812672182,60.0,1,5.395719651937824
1.6951505016722412,4.013879598662204,0.3937523591030224,3.75,5.852082036142746,20.832417717115035,0.2534435261707989,60.0,1,5.5308886894101725
1.7451505016722413,4.063879598662203,0.39389400602448954,3.75,5.890959631529204,20.71780878499493,0.2537878787878788,60.0,1,5.569158191203046
1.2451505016722408,3.563879598662205,0.3941783113760321,3.75,5.722181563494794,19.90906665794094,0.23966942148760328,60.0,1,5.402386280549377
1.6451505016722412,3.9638795986622037,0.39419096534415987,3.75,5.817765196326289,20.851788738605507,0.24896694214876028,60.0,1,5.4970864344269215
1.2451505016722408,3.613879598662205,0.3942781494134724,3.75,5.7765534473560205,19.931946181046996,0.24173553719008262,60.0,1,5.456964286790552
1.445150501672241,3.7638795986622045,0.39428384426812146,3.75,5.729035067156959,19.98274216441319,0.2396694214876033,60.0,1,5.4095056506893515
1.545150501672241,3.863879598662204,0.39459160225896517,3.75,5.763441832158162,20.603775754962285,0.2424242424242424,60.0,1,5.443517026726185
1.495150501672241,3.8138795986622043,0.39460889386203457,3.75,5.743697850057497,20.338643003891,0.2400137741046832,60.0,1,5.424015023534374
1.395150501672241,3.7638795986622045,0.39473822321100616,3.75,5.781510814994626,20.014362188794877,0.23932506887052343,60.0,1,5.462101052053688
1.345150501672241,3.7138795986622046,0.3947436412886658,3.75,5.774719361525272,19.950142553729222,0.23863636363636367,60.0,1,5.455342489318259
1.5951505016722412,3.913879598662204,0.3947457075225662,3.75,5.788171023475861,20.77538382422496,0.2434573002754821,60.0,1,5.467914656762577
1.2951505016722409,3.663879598662205,0.39484139072259195,3.75,5.773066836348612,19.958508794144734,0.2379476584022039,60.0,1,5.4536303634251055
1.6951505016722412,4.063879598662203,0.39529276115341516,3.75,5.926774255321024,21.06231197182933,0.24793388429752067,60.0,1,5.605203604659624
1.6451505016722412,4.013879598662204,0.3955440931204073,3.75,5.890644630236114,21.124273360183956,0.24483471074380167,60.0,1,5.569672438578599
1.445150501672241,3.8138795986622043,0.3957526432303642,3.75,5.793413213019059,20.419925857138722,0.23519283746556477,60.0,1,5.473878170015615
1.2451505016722408,3.663879598662205,0.3959631228002466,3.75,5.833692457900531,19.907435527891806,0.2331267217630854,60.0,1,5.514210620054243
1.5951505016722412,3.9638795986622037,0.39601385064344086,3.75,5.859104618893543,21.09038514662214,0.2400137741046832,60.0,1,5.538634064775064
1.2951505016722409,3.7138795986622046,0.39604438236017603,3.75,5.832751035518894,19.88739633945145,0.23243801652892562,60.0,1,5.513371340094218
1.345150501672241,3.7638795986622045,0.3960552702003787,3.75,5.836878063642514,19.998297389054756,0.2331267217630854,60.0,1,5.5175036102914286
1.545150501672241,3.913879598662204,0.39649656353655305,3.75,5.832303866055831,20.960728217163577,0.23484848484848486,60.0,1,5.5122393002452075
1.495150501672241,3.863879598662204,0.3966841457988931,3.75,5.810371358753705,20.736485765953596,0.23140495867768596,60.0,1,5.490618292973949
1.395150501672241,3.8138795986622043,0.3969318188826526,3.75,5.846059874258863,20.452101512870733,0.23002754820936638,60.0,1,5.526594148364565
1.6451505016722412,4.063879598662203,0.3969842618057773,3.75,5.9654885573816285,21.356765903317573,0.2400137741046832,60.0,1,5.644103485957084
1.5951505016722412,4.013879598662204,0.3972667239420826,3.75,5.932141654309283,21.36538444802207,0.23657024793388431,60.0,1,5.611338403937921
1.2451505016722408,3.7138795986622046,0.3972708427601853,3.75,5.893558927948236,19.836464034791547,0.22692837465564739,60.0,1,5.574082116411636
1.345150501672241,3.8138795986622043,0.3974235333415154,3.75,5.901610730597673,20.43575932288031,0.22933884297520665,60.0,1,5.582129932785558
1.2951505016722409,3.7638795986622045,0.39766715931804164,3.75,5.895093319099846,19.935427667322934,0.22486225895316805,60.0,1,5.5756646379840475
1.545150501672241,3.9638795986622037,0.39776760321426163,3.75,5.903400007920124,21.277994032126827,0.23140495867768596,60.0,1,5.583078565954373
1.445150501672241,3.863879598662204,0.39803670005142655,3.75,5.86025598690919,20.81904550903147,0.22520661157024793,60.0,1,5.5406023897715615
1.495150501672241,3.913879598662204,0.3984367575710377,3.75,5.87939985061295,21.095288078275807,0.22486225895316805,60.0,1,5.559461287051307
1.5951505016722412,4.063879598662203,0.39855476233762993,3.75,6.007151134546332,21.600023421246448,0.2327823691460055,60.0,1,5.685898021874579
1.2451505016722408,3.7638795986622045,0.39884330462092876,3.75,5.9560972318003085,19.88439464652089,0.21969696969696972,60.0,1,5.636520584628838
1.2951505016722409,3.8138795986622043,0.3989327017671198,3.75,5.96002257957666,20.371794563064505,0.22176308539944903,60.0,1,5.640437352307879
1.395150501672241,3.863879598662204,0.3991142716964341,3.75,5.91308500859791,20.851728138741386,0.2207300275482094,60.0,1,5.593452013781911
1.545150501672241,4.013879598662204,0.39922982988182387,3.75,5.9766084335378,21.55497066791922,0.2265840220385675,60.0,1,5.6559137968883855
1.345150501672241,3.863879598662204,0.4000720820654512,3.75,5.968831680493171,20.835132254222877,0.2169421487603306,60.0,1,5.649134717382155
1.495150501672241,3.9638795986622037,0.40012354332514044,3.75,5.950672183879255,21.414198173684653,0.21866391184573003,60.0,1,5.630433053249752
1.445150501672241,3.913879598662204,0.4002047093399035,3.75,5.929464350044777,21.17899928404259,0.2159090909090909,60.0,1,5.609578795443592
1.495150501672241,4.013879598662204,0.40096836817554826,3.75,6.024066335698249,21.692610403171308,0.21797520661157024,60.0,1,5.703412442386228
1.445150501672241,3.9638795986622037,0.4011705068527216,3.75,6.000927008899785,21.498932671845637,0.21453168044077137,60.0,1,5.6806963801578405
1.395150501672241,3.913879598662204,0.40143898522012145,3.75,5.982487082587955,21.212138801914335,0.2103994490358127,60.0,1,5.662575153405373
1.8451505016722414,3.5138795986622053,0.41827293381619135,5.0,4.034556667051378,13.760188065036203,0.3526170798898072,60.0,2,2.7631182853281895
1.495150501672241,3.1638795986622066,0.41868195804889385,5.0,4.02313855112069,13.727194953397202,0.3491735537190082,60.0,2,2.745240075021381
1.7951505016722413,3.4638795986622055,0.4186938160049498,5.0,4.02693070987287,13.57110237517471,0.3484848484848485,60.0,2,2.7525645045045155
1.8951505016722414,3.5138795986622053,0.4189687153889682,5.0,4.024317540899513,13.82131216856466,0.3477961432506887,60.0,2,2.749094301460875
1.495150501672241,3.1138795986622068,0.41916107906949907,5.0,4.010866667318845,13.79438759232201,0.3457300275482094,60.0,2,2.727880575099483
1.8951505016722414,3.563879598662205,0.4193677406932592,5.0,4.044162974742801,13.885965631685899,0.3464187327823691,60.0,2,2.776290106007257
1.445150501672241,3.1138795986622068,0.41965851894371176,5.0,4.029457194232636,13.864511685290253,0.34366391184573003,60.0,2,2.7532903629289134
1.9451505016722415,3.563879598662205,0.4197342555699243,5.0,4.0348531702087795,13.912858854943295,0.34366391184573003,60.0,2,2.7635652495539498
1.7451505016722413,3.4638795986622055,0.41975735704926254,5.0,4.0391856514939875,13.562833466600104,0.3419421487603306,60.0,2,2.7693101903635573
1.7451505016722413,3.4138795986622057,0.4198434029215785,5.0,4.021298006601306,13.438291346079055,0.33987603305785125,60.0,2,2.7446604034908413
1.5951505016722412,3.313879598662206,0.4199938655348898,5.0,4.031407309554155,13.675850865459736,0.34056473829201106,60.0,2,2.757889082871476
1.545150501672241,3.2138795986622064,0.4199959967196554,5.0,4.018785361073408,13.52686518621966,0.33918732782369143,60.0,2,2.739799622191235
1.445150501672241,3.063879598662207,0.4200143370472883,5.0,4.018006396316706,13.897648470969436,0.3409090909090909,60.0,2,2.737031567154108
1.6951505016722412,3.4138795986622057,0.42011116649913505,5.0,4.03456654142309,13.66428770479147,0.33987603305785125,60.0,2,2.762804815468918
1.6451505016722412,3.363879598662206,0.42017290131530793,5.0,4.031973479823503,13.702115607974498,0.33953168044077137,60.0,2,2.758996132797223
1.5951505016722412,3.2638795986622062,0.4201828597825532,5.0,4.016414944716141,13.455530999771078,0.337465564738292,60.0,2,2.7370034813447073
1.395150501672241,3.013879598662207,0.4202636342958257,5.0,4.027057916751165,13.93577968392266,0.33987603305785125,60.0,2,2.7487076229177614
1.6451505016722412,3.313879598662206,0.42027597944425854,5.0,4.01603962808973,13.513567363884164,0.3371212121212121,60.0,2,2.7368752328833152
1.6951505016722412,3.363879598662206,0.4202833274457225,5.0,4.017666627330981,13.507796950919577,0.3371212121212121,60.0,2,2.7394272157950175
1.545150501672241,3.2638795986622062,0.4202974113791583,5.0,4.032863210315225,13.58581733531448,0.33815426997245174,60.0,2,2.7594766090147944
1.9951505016722415,3.613879598662205,0.4203608175124065,5.0,4.04732344194778,13.939199108595005,0.3402203856749311,60.0,2,2.7805744848999643
1.9951505016722415,3.563879598662205,0.42044268597664936,5.0,4.026503842438105,13.904824645253193,0.3384986225895317,60.0,2,2.752118249814075
1.445150501672241,3.013879598662207,0.42076294716748064,5.0,4.007399026314087,13.895947427862936,0.33539944903581265,60.0,2,2.7218215272841695
1.395150501672241,2.9638795986622073,0.4208875644837258,5.0,4.017204683213913,13.898848374727322,0.33505509641873277,60.0,2,2.7345132117124424
2.0451505016722415,3.613879598662205,0.4209970261301704,5.0,4.039844390441274,13.895891542292716,0.33539944903581265,60.0,2,2.770349731671387
1.395150501672241,2.9138795986622075,0.4213352098995764,5.0,4.00811765404233,13.826635525672103,0.331267217630854,60.0,2,2.7212713905734245
1.345150501672241,2.9138795986622075,0.4216990137885025,5.0,4.0288655673002784,13.83646011530736,0.32988980716253447,60.0,2,2.7496335096213302
2.095150501672242,3.613879598662205,0.4217161394865673,5.0,4.033258569468689,13.81731352927887,0.3298898071625344,60.0,2,2.761323604842161
2.095150501672242,3.663879598662205,0.4224451551533309,5.0,4.0550723704700085,13.82181759192057,0.3261019283746557,60.0,2,2.7910300563936783
2.2451505016722417,3.663879598662205,0.4226201399025281,5.0,4.040229243532795,13.378095444601108,0.32196969696969696,60.0,2,2.770726236977215
2.2451505016722417,3.7138795986622046,0.42278479056663865,5.0,4.0630218249103125,13.378335052756753,0.32196969696969696,60.0,2,2.801656382873614
1.345150501672241,2.8638795986622076,0.4230030148787852,5.0,4.0204686016172015,13.729139169174154,0.3202479338842975,60.0,2,2.7373216389200077
2.295150501672242,3.7138795986622046,0.42331211207522423,5.0,4.05963727415262,13.492460677519773,0.31887052341597794,60.0,2,2.797038789669232
2.1451505016722416,3.663879598662205,0.42345341823695226,5.0,4.049302121139902,13.708223736401521,0.31852617079889806,60.0,2,2.7831499905209918
2.1951505016722415,3.663879598662205,0.42366659349473523,5.0,4.044364253152802,13.560076350867028,0.31611570247933884,60.0,2,2.7763935863001894
2.3951505016722416,3.7138795986622046,0.42411950953417366,5.0,4.055132666400227,13.7137207813387,0.31439393939393945,60.0,2,2.7908840827586467
2.345150501672242,3.7138795986622046,0.42426877734550517,5.0,4.057013479242603,13.620553267887672,0.3130165289256199,60.0,2,2.7934551256444338
2.445150501672242,3.7138795986622046,0.4243616439506773,5.0,4.053981770089966,13.77130068288426,0.3130165289256198,60.0,2,2.789309923436097
1.2451505016722408,3.8138795986622043,0.4473792219429128,6.25,8.764526328168705,31.39599473462016,0.1949035812672176,60.0,1,8.107563736338584
1.2951505016722409,3.863879598662204,0.44770906230072594,6.25,8.773232174476233,32.018243918373365,0.19628099173553717,60.0,1,8.116148834676553
1.2951505016722409,3.913879598662204,0.44928945084281546,6.25,8.874251135163579,32.52611678359947,0.19318181818181818,60.0,1,8.216431069043958
1.2451505016722408,3.863879598662204,0.44944058490355643,6.25,8.86230655546341,31.955720851103308,0.18870523415977963,60.0,1,8.204650529432602
1.345150501672241,3.913879598662204,0.44945913468222076,6.25,8.788980177694958,32.607370852152,0.18836088154269973,60.0,1,8.13169229487231
1.545150501672241,4.063879598662203,0.4505996487059517,6.25,8.808694689691178,33.443838580950654,0.18595041322314051,60.0,1,8.150552440549118
1.395150501672241,3.9638795986622037,0.45065207885798764,6.25,8.81169792339884,33.077085395413754,0.1838842975206612,60.0,1,8.15411933578755
1.2451505016722408,3.913879598662204,0.45066129006790645,6.25,8.963677158239271,32.46273905710885,0.18801652892561985,60.0,1,8.305186449552675
1.345150501672241,3.9638795986622037,0.4511763123533954,6.25,8.893056611337805,33.06238777191277,0.18422865013774106,60.0,1,8.234986134229393
1.445150501672241,4.013879598662204,0.45154196384285694,6.25,8.841278392962527,33.42289018619596,0.18112947658402206,60.0,1,8.183319690771608
1.395150501672241,4.013879598662204,0.4519351974341965,6.25,8.918637612666542,33.47758448821325,0.1825068870523416,60.0,1,8.260227436339074
1.2951505016722409,3.9638795986622037,0.45193814591682213,6.25,8.97867573521484,32.98015232528262,0.1828512396694215,60.0,1,8.319977604180899
1.495150501672241,4.063879598662203,0.4522286351626552,6.25,8.877581563575886,33.64156662330662,0.1794077134986226,60.0,1,8.219149417272801
1.2451505016722408,3.9638795986622037,0.45248563442691314,6.25,9.068472872841442,32.91600951993124,0.18319559228650137,60.0,1,8.409007991120976
1.395150501672241,4.063879598662203,0.45262979773585066,6.25,9.02857049670993,33.82299015187612,0.18491735537190082,60.0,1,8.369188624152665
1.445150501672241,4.063879598662203,0.4527503035270286,6.25,8.95087643078504,33.76780536662983,0.18009641873278237,60.0,1,8.29203352743549
1.345150501672241,4.013879598662204,0.45297831403263045,6.25,9.000338833376622,33.46273250280133,0.1794077134986226,60.0,1,8.341344821687617
1.2451505016722408,4.013879598662204,0.4534654767335786,6.25,9.176511528386627,33.314815263577515,0.1838842975206612,60.0,1,8.51593594657224
1.2951505016722409,4.013879598662204,0.4537421319610532,6.25,9.086324163839283,33.37963241127724,0.17803030303030307,60.0,1,8.42660935141611
1.345150501672241,4.063879598662203,0.4541919322866885,6.25,9.110630804197239,33.80800403396702,0.17837465564738295,60.0,1,8.450575887028991
1.2951505016722409,4.063879598662203,0.4548029923436867,6.25,9.196999936320758,33.72415685156203,0.17803030303030304,60.0,1,8.536133603538063
1.2451505016722408,4.063879598662203,0.45514867841553863,6.25,9.287596167346237,33.65875672795204,0.17975206611570246,60.0,1,8.625777350358097
1.7951505016722413,3.5138795986622053,0.4626099385104562,3.75,4.1975679946105995,13.925358249263546,0.3464187327823692,60.0,3,3.023047678580668
1.8451505016722414,3.563879598662205,0.46280654567776336,3.75,4.20780116061105,14.08664609072435,0.3464187327823691,60.0,3,3.0357515251520484
1.495150501672241,3.2138795986622064,0.4631780143856222,3.75,4.187243458722234,13.887375172678695,0.3419421487603306,60.0,3,3.0090716447717702
1.445150501672241,3.1638795986622066,0.4632034454990329,3.75,4.194013514687887,14.060187481247937,0.34297520661157027,60.0,3,3.0171042119857576
1.8951505016722414,3.613879598662205,0.46359107444519887,3.75,4.220429711190559,14.183298584699756,0.34228650137741046,60.0,3,3.0513471156423813
1.445150501672241,3.2138795986622064,0.46359774579010005,3.75,4.209456094677723,13.956790677730623,0.34056473829201106,60.0,3,3.03642604415809
1.7951505016722413,3.563879598662205,0.46370681279767056,3.75,4.221141718128411,13.989300337515331,0.340564738292011,60.0,3,3.05213609726634
1.9451505016722415,3.613879598662205,0.46373961311724443,3.75,4.209426402908805,14.211315705839013,0.3409090909090909,60.0,3,3.037831393389493
1.395150501672241,3.063879598662207,0.4637983415721122,3.75,4.18981013287085,14.202993313851664,0.3395316804407713,60.0,3,3.011180107266788
1.7451505016722413,3.5138795986622053,0.4638844710102603,3.75,4.212092506144863,13.901327842827094,0.3384986225895317,60.0,3,3.040916384960952
1.495150501672241,3.2638795986622062,0.46389818649619785,3.75,4.203756612479869,13.930511309982215,0.3381542699724518,60.0,3,3.0297015629941924
1.545150501672241,3.313879598662206,0.46417568312501656,3.75,4.200496581432858,14.054544256828827,0.3367768595041323,60.0,3,3.025941580869412
1.395150501672241,3.1138795986622068,0.46423005908486314,3.75,4.203159983864356,14.168593863903922,0.3371212121212121,60.0,3,3.0280166339446972
1.6951505016722412,3.4638795986622055,0.46435326376541153,3.75,4.205493762977783,14.036890897148247,0.3357438016528926,60.0,3,3.0326679052352885
1.6451505016722412,3.4138795986622057,0.46437759918823596,3.75,4.201359010394685,14.10806016507766,0.3357438016528925,60.0,3,3.027416567396451
1.345150501672241,3.063879598662207,0.4643973837611226,3.75,4.214648755005481,14.211646942010624,0.3367768595041323,60.0,3,3.041751406331813
1.345150501672241,3.013879598662207,0.464410333595793,3.75,4.202249730329956,14.210482652703341,0.3360881542699724,60.0,3,3.0260829091685637
1.5951505016722412,3.363879598662206,0.4644217349368156,3.75,4.199694005255418,14.113968660650059,0.3353994490358127,60.0,3,3.025174878446668
1.9451505016722415,3.663879598662205,0.46444617621307915,3.75,4.2354248566147294,14.214511786587693,0.3374655647382921,60.0,3,3.0697812472250976
1.345150501672241,2.9638795986622073,0.4648161605177501,3.75,4.190813937358081,14.173456548866291,0.33264462809917356,60.0,3,3.0115234914327136
1.9951505016722415,3.663879598662205,0.4649369246133612,3.75,4.225498113227583,14.20688746193224,0.33367768595041325,60.0,3,3.057620628316816
2.0451505016722415,3.663879598662205,0.4652017063117191,3.75,4.216674414661672,14.16337773821273,0.33126721763085404,60.0,3,3.0467919393148084
1.8451505016722414,3.613879598662205,0.4657957308595574,3.75,4.372693785822998,14.414769672711664,0.33608815426997246,60.0,3,3.3021009117889943
1.495150501672241,3.313879598662206,0.4660330109371871,3.75,4.360307504766982,14.436763061307161,0.33402203856749313,60.0,3,3.2872553451331736
1.2951505016722409,2.9638795986622073,0.4660733148215571,3.75,4.2169523696509446,14.152215378511421,0.32541322314049587,60.0,3,3.043691365490308
1.545150501672241,3.363879598662206,0.4660856712146223,3.75,4.357701403555853,14.53065329255665,0.33402203856749313,60.0,3,3.2843557546862794
1.6951505016722412,3.5138795986622053,0.4661165504067073,3.75,4.367255061680172,14.412791668469232,0.33367768595041325,60.0,3,3.2955944259655765
1.445150501672241,3.2638795986622062,0.466157941604063,3.75,4.365787607644774,14.277500248621514,0.33264462809917356,60.0,3,3.2934491292275205
1.5951505016722412,3.4138795986622057,0.4663668458083654,3.75,4.357987417721011,14.558040791246192,0.33230027548209357,60.0,3,3.28477555234924
1.6451505016722412,3.4638795986622055,0.46641146098626585,3.75,4.361173031820443,14.5185948694496,0.33195592286501374,60.0,3,3.2885240141470917
1.395150501672241,3.1638795986622066,0.4667481877052124,3.75,4.35649727063914,14.394561111237962,0.3288567493112947,60.0,3,3.2825898673934235
2.0451505016722415,3.7138795986622046,0.4668756616320331,3.75,4.2438674167068715,14.13683970899016,0.3212809917355372,60.0,3,3.0801399593942502
1.2951505016722409,2.9138795986622075,0.4670779764661397,3.75,4.206384866040031,14.079368393162298,0.3178374655647383,60.0,3,3.030198358350705
2.095150501672242,3.7138795986622046,0.46758534904863036,3.75,4.2360486020091646,14.057566943331679,0.31577134986225897,60.0,3,3.0705756142291545
1.2951505016722409,2.8638795986622076,0.46764852870019236,3.75,4.196686910439235,13.970837995069807,0.3130165289256198,60.0,3,3.0177035599141364
2.1451505016722416,3.7138795986622046,0.46791374828601895,3.75,4.229252928685625,13.942689630196796,0.31267217630853994,60.0,3,3.0622512881845134
2.1951505016722415,3.7138795986622046,0.46801589694987067,3.75,4.223440695857047,13.792687831535773,0.3109504132231405,60.0,3,3.055122988524059
2.2451505016722417,3.7638795986622045,0.46855672901038636,3.75,4.246897359304348,13.941549131324521,0.3092286501377411,60.0,3,3.08384586783839
2.345150501672242,3.7638795986622045,0.46890624773772704,3.75,4.239837046683996,14.196230469605666,0.30785123966942146,60.0,3,3.075211294543348
2.295150501672242,3.7638795986622045,0.4689306556743985,3.75,4.2429196080563685,14.063352884382496,0.30716253443526165,60.0,3,3.0789826141163785
2.445150501672242,3.7638795986622045,0.46899958090454485,3.75,4.236276492833049,14.352604338064317,0.30785123966942146,60.0,3,3.070852402518054
2.3951505016722416,3.7638795986622045,0.46917048178683884,3.75,4.2376279885171115,14.292875954171443,0.30647382920110194,60.0,3,3.0725072791538177
2.1951505016722415,3.7638795986622045,0.46981890282182726,3.75,4.2517973575778605,14.128244666930215,0.3019972451790634,60.0,3,3.089831644786794
1.2451505016722408,2.8638795986622076,0.4706709758480816,3.75,4.365711254661328,14.507073584639969,0.30371900826446285,60.0,3,3.2920431817507687
2.445150501672242,3.8138795986622043,0.4714918120446592,3.75,4.411518604991067,14.947634474033016,0.30268595041322316,60.0,3,3.3472492474107165